modello,temperatura,sample_id,alpha_o1,alpha_o2,alpha_o2_mescolato,deriva
Qwen2.5-1.5B,0.4,5,0.5148271405698447,0.4060545772731712,0.497096442985256,0.009497405105094586
Qwen2.5-1.5B,0.4,2,0.9854535080989907,0.8863762757264807,0.46944655838910293,0.02702801875822072
Qwen2.5-1.5B,0.5,3,0.31857240404586173,0.251043014406223,0.509486427938643,0.007147499536868944
Qwen2.5-1.5B,0.5,4,0.6722948047929501,0.5004323209774401,0.4837567003376069,0.03228199227175198
Qwen2.5-1.5B,0.6,2,0.9378268193105359,0.6891535142465687,0.477515226351208,0.06425225061874318
Qwen2.5-1.5B,0.5,5,0.3417500960294309,0.27194662700202055,0.49328006344999487,0.008780432471702227
Qwen2.5-1.5B,0.4,1,0.23981965428026994,0.1969774332733159,0.4904262847965677,0.004241638965320181
Qwen2.5-1.5B,0.6,3,0.2875841511523257,0.23547284217860326,0.49822749816429474,0.0029491617708057956
Qwen2.5-1.5B,0.4,4,0.40468584508229055,0.32378551389876564,0.510115897525464,0.006218857394702248
Qwen2.5-1.5B,0.4,3,0.6227645729582143,0.4616271895244268,0.49395642269943085,0.03965620246423615
Qwen2.5-1.5B,0.5,1,0.26708520127627355,0.2312382316854412,0.49017982394465864,0.004726072653878219
Qwen2.5-1.5B,0.5,2,0.7903914572284894,0.662609012163196,0.5129859205802154,0.019006507283310464
Qwen2.5-1.5B,0.6,1,0.7139643395488223,0.46959001623631286,0.4870945808848597,0.05137974972424965
Qwen2.5-1.5B,0.7,1,0.7985462048516452,0.6786962274752854,0.5051701020460535,0.16447841526011414
Qwen2.5-1.5B,0.8,1,0.9541154018717452,0.7475651737105684,0.5107458530192948,0.22290941935167152
Qwen2.5-1.5B,0.6,4,0.708120982313212,0.4916436632772538,0.4972051619005586,0.07901305878805812
Qwen2.5-1.5B,0.7,3,0.6129192560774341,0.37627927909976494,0.49148851476293776,0.041819777044621066
Qwen2.5-1.5B,0.7,5,0.6376994254404093,0.6127625758516774,0.48520342644868886,0.2771852726508852
Qwen2.5-1.5B,0.7,2,0.39449342649428143,0.3681646886071578,0.5003650612164129,0.008061587645165428
Qwen2.5-1.5B,0.8,5,0.8664493102357298,0.6868280788228361,0.4842062832609858,0.36205114961691065
Qwen2.5-1.5B,0.7,4,0.4113770674337179,0.38422912614916144,0.5028069819704699,0.04702346338961037
Qwen2.5-1.5B,0.8,4,0.7045081824317153,0.5537752968499138,0.4972599357278432,0.22576519536265655
Qwen2.5-1.5B,0.8,3,0.6408480439470539,0.5197225185408831,0.5004524951278233,0.10331617506308734
Qwen2.5-1.5B,0.6,5,0.9346149041615416,0.7525954323273687,0.5065549268544334,0.04808453928531544
Qwen2.5-1.5B,0.9,2,0.8582393228152946,0.7964202177008319,0.5067742904782231,0.25240417451931146
Qwen2.5-1.5B,0.9,3,0.8067600411719151,0.659597978094577,0.5025774576332122,0.327349433332819
Qwen2.5-1.5B,0.9,4,0.7494083754443219,0.6696128133606452,0.5077667941103732,0.17881207714769193
Qwen2.5-1.5B,0.9,5,0.8012301766185121,0.7344878886965326,0.48647276633132336,0.12019232845875423
Qwen2.5-1.5B,1.1,2,0.7147381636657861,0.6384562167051401,0.48393775479065165,0.29993830164121726
Qwen2.5-1.5B,1.0,1,0.5923668541676114,0.5740320971446391,0.5082967854004841,0.3730313267215252
Qwen2.5-1.5B,1.1,3,0.6788593741330833,0.6193040455590281,0.5001643486946317,0.16235625737562456
Qwen2.5-1.5B,1.1,1,0.691285123093891,0.672864257260464,0.5088073438244487,0.17980886073727764
Qwen2.5-1.5B,1.1,5,0.6043420392202282,0.5730409659142744,0.4918079355378079,0.16536523599636885
Qwen2.5-1.5B,1.0,4,0.6243809247771593,0.6334919280665151,0.5019156434707837,0.40215326031277204
Qwen2.5-1.5B,1.0,5,0.9062871575270475,0.7921687100610282,0.4914996443495436,0.6984813190790442
Qwen2.5-1.5B,1.0,3,0.7689032053260945,0.7079548268994207,0.49224191051574195,0.546811425879117
Qwen2.5-1.5B,1.2,1,0.6249400765816845,0.5701423975016428,0.5003562993105668,0.1508773001093156
Qwen2.5-1.5B,1.0,2,0.7879778572720856,0.7467803726763774,0.4968481809731796,0.7628467314302964
Qwen2.5-1.5B,1.2,2,0.5243614081380016,0.5314354360557657,0.5105161395146977,0.14359527455825047
Qwen2.5-1.5B,1.2,3,0.6287751279138001,0.5973777539201609,0.49605076176497565,0.13651242057842874
Qwen2.5-1.5B,1.2,4,0.6044626785051243,0.5595313071100788,0.475022553620006,0.18313381804824877
Qwen2.5-1.5B,1.3,1,0.5083108589353976,0.5132154934287236,0.5316982648597306,0.1396952189926674
Qwen2.5-1.5B,1.3,3,0.4993490694182244,0.502251103901311,0.48513615054646886,0.09960582960421026
Qwen2.5-1.5B,1.3,2,0.5710820916154724,0.5671089891930479,0.5026316619272995,0.10774062710451955
Qwen2.5-1.5B,1.2,5,0.5655118936700753,0.5558962751111135,0.49691018651185614,0.12488273511701677
Qwen2.5-1.5B,1.3,4,0.5787210545830582,0.523021215381605,0.4931972462781913,0.14289378405642697
Qwen2.5-1.5B,1.3,5,0.5356660160056953,0.5358716246737332,0.4980208615786935,0.10847812950692425
Qwen2.5-1.5B,1.4,1,0.5004487346853705,0.5111548362097891,0.4916831786016877,0.12084857058492676
Qwen2.5-1.5B,1.4,3,0.5413855748185049,0.5260588224957548,0.5153393060203284,0.11700399260682755
Qwen2.5-1.5B,1.4,2,0.5188406361095893,0.5065378583928511,0.5088441199081714,0.12309389764841613
Qwen2.5-1.5B,1.4,4,0.4824920941192488,0.49595368104633225,0.4973759066521938,0.09975446092921793
Qwen2.5-1.5B,1.4,5,0.5110598792852242,0.5131676413813038,0.5103682631239602,0.1356860582179448
Qwen2.5-1.5B,1.5,1,0.47778691077803986,0.4924230092003765,0.5017986675670457,0.1202868247513108
Qwen2.5-1.5B,1.5,2,0.5546821728543079,0.5284347804240895,0.5100765619563196,0.1411106966014316
Qwen2.5-1.5B,1.5,3,0.5240532557232662,0.5246079659434558,0.47178302399668137,0.1250676255972062
Qwen2.5-1.5B,1.5,4,0.5332082071998383,0.5156318884144804,0.4963796101154996,0.13916571318506007
Qwen2.5-1.5B,1.5,5,0.502106427917653,0.5129869864093793,0.5063526215003104,0.11204973941039853
Qwen2.5-3B,0.4,1,0.13463713955387577,0.15544358072261472,0.48523271109394317,0.004081402024579811
Qwen2.5-3B,0.4,2,0.8015070565291375,0.6605998778727769,0.5034358486563916,0.01834958628792854
Qwen2.5-3B,0.4,3,0.5789353949249896,0.4424566774519391,0.4950554035717435,0.014200955417904212
Qwen2.5-3B,0.4,4,0.4767683567208246,0.3891420893089702,0.5065663050603674,0.010686605994319746
Qwen2.5-3B,0.4,5,0.23872805615187725,0.306968569795534,0.4862055896060517,0.007190735763255681
Qwen2.5-3B,0.5,1,0.8454185019454284,0.614691051649538,0.4964464317114753,0.0755964334476909
Qwen2.5-3B,0.5,2,0.536525197216245,0.5038279442899583,0.5036391478782459,0.005514624401587518
Qwen2.5-3B,0.5,3,0.5360571718196209,0.4316982549531881,0.5136493916947336,0.008459704820712571
Qwen2.5-3B,0.5,4,0.39721132732716513,0.34205962519893435,0.46903789191328005,0.014788401707004503
Qwen2.5-3B,0.5,5,0.9118992352876655,0.7398371676980333,0.47500227718259846,0.0493972916518776
Qwen2.5-3B,0.6,1,0.45197625776111394,0.38918906003353276,0.5087680974186857,0.010140841933245897
Qwen2.5-3B,0.6,2,0.7414880137637777,0.5627370943817317,0.5158003892433889,0.05097018125008055
Qwen2.5-3B,0.6,3,0.6529205236400367,0.37446812816887387,0.5021558605164478,0.03444430093206692
Qwen2.5-3B,0.6,4,0.4911990318512358,0.38905061298451094,0.5214834228039724,0.008481159171537245
Qwen2.5-3B,0.6,5,1.0825371281326062,0.8657023455294455,0.5073068836014939,0.0900535073452972
Qwen2.5-3B,0.7,1,0.8695692579241175,0.760530082995741,0.4694854266935221,0.3587913870090793
Qwen2.5-3B,0.7,2,0.7762887418522848,0.5829535486896545,0.502681978357113,0.09161620462467955
Qwen2.5-3B,0.7,3,0.7843153660299796,0.5244671992605303,0.4895513480170611,0.05255436852380313
Qwen2.5-3B,0.7,4,0.71329398064436,0.607756567734877,0.504159263593296,0.06287189245249743
Qwen2.5-3B,0.7,5,0.9055614507039766,0.6825002028699351,0.4964123121525867,0.10369785546090235
Qwen2.5-3B,0.8,1,0.6430952537971331,0.5807768859105471,0.4913269799809973,0.010003308365118539
Qwen2.5-3B,0.8,2,0.8818420889187076,0.9372373553029475,0.5032230901580632,0.38580453756805694
Qwen2.5-3B,0.8,3,0.6106152029925134,0.47253799624055465,0.5077102874285884,0.04164839911266564
Qwen2.5-3B,0.8,4,0.8455899065869465,0.7708916079350993,0.4924027810381123,0.3241041866693469
Qwen2.5-3B,0.8,5,0.676836742216503,0.5655289878240416,0.5225747183582599,0.17784874517192137
Qwen2.5-3B,0.9,3,0.6600912478576378,0.6091270462951172,0.5119789457700337,0.18893375711090976
Qwen2.5-3B,0.9,4,0.8799247205040374,0.6840723834759599,0.48487652881847376,0.23181008491299837
Qwen2.5-3B,0.9,5,0.8543450251505711,0.7444405730363741,0.517170022855515,0.21173940919063142
Qwen2.5-3B,1.0,4,0.699422898440285,0.7106883521597526,0.5150990925384212,0.5007572892223193
Qwen2.5-3B,1.1,1,0.5839221084580053,0.5683407738374476,0.4903421413370158,0.11090004309381563
Qwen2.5-3B,1.1,3,0.6186697126306775,0.5273930634839239,0.4742726746008845,0.2854914148092554
Qwen2.5-3B,1.1,4,0.6881072445058418,0.5642131875573559,0.48434931264958947,0.3286653968166776
Qwen2.5-3B,1.1,5,0.7351900958903034,0.6562544123200854,0.4952891225858397,0.4100297925266099
Qwen2.5-3B,1.2,1,0.5431877108446047,0.49597361416629504,0.5144108856098311,0.14442061609666815
Qwen2.5-3B,1.2,2,0.6618525013054196,0.588212913141301,0.5051923077773222,0.16912622469120647
Qwen2.5-3B,1.2,3,0.5821609325305606,0.5795900056839851,0.477644436485022,0.17623127894952115
Qwen2.5-3B,1.2,4,0.6398274476457114,0.5656368028503905,0.5093523920946534,0.2431534633760519
Qwen2.5-3B,1.2,5,0.688151818461059,0.5824792605992435,0.48822142099604526,0.25557903431657886
Qwen2.5-3B,1.3,1,0.5466810020301389,0.5404845807261662,0.4922076886878302,0.15664590937841488
Qwen2.5-3B,1.3,2,0.5695695044579775,0.5571294476816337,0.49198278373680604,0.14550273336163425
Qwen2.5-3B,1.3,3,0.5718247010101463,0.5179178302438998,0.5189108955034094,0.1469039883473742
Qwen2.5-3B,1.3,4,0.4636184827754067,0.4963974262165927,0.5034612447397413,0.18516777655083677
Qwen2.5-3B,1.3,5,0.5840885784978964,0.5419684856543822,0.5028145324392876,0.17492075430927967
Qwen2.5-3B,1.4,1,0.5238419235959708,0.5418154528000816,0.5203458326269464,0.1417105441838765
Qwen2.5-3B,1.4,2,0.4997491224248485,0.49329301747076393,0.509550752707139,0.17595850106820543
Qwen2.5-3B,1.4,3,0.49739259442329337,0.48955171139677556,0.4802909199152587,0.14603027462670137
Qwen2.5-3B,1.4,4,0.5129363254233454,0.5315403128482331,0.5100158092105249,0.15683953407654375
Qwen2.5-3B,1.4,5,0.5159194308057623,0.5052986599566556,0.49971764815404784,0.1315416562522063
Qwen2.5-3B,1.5,1,0.519075854941278,0.5072456615054182,0.4730036727787381,0.1985869101031534
Qwen2.5-3B,1.5,2,0.5415371449968462,0.530078899292909,0.4996163448995543,0.22230442595478675
Qwen2.5-3B,1.5,3,0.5136824395383371,0.49762552604562665,0.514488528329665,0.17420608365679127
Qwen2.5-3B,1.5,4,0.5364489931992996,0.522881011368704,0.5052933878925213,0.20479279322427887
Qwen2.5-3B,1.5,5,0.498905721759598,0.5176528576797401,0.48232727380339646,0.19208640553215123
Qwen2.5-14B,0.4,1,0.8930188672608518,0.7140165772008338,0.49694725033219184,0.05213429114841138
Qwen2.5-14B,0.6,1,0.3623852941881357,0.35800702934058015,0.5049359006200029,0.016962863140581597
Qwen2.5-14B,0.7,1,0.8266939848137667,0.7018852859412251,0.505276524213365,0.4108306672527117
Qwen2.5-14B,0.8,1,0.7251765974517106,0.6481385361571483,0.477167757109681,0.23175990471838598
Qwen2.5-14B,1.1,1,0.6905602970333814,0.5593212473269399,0.4718105331306618,0.2763081224021042
Qwen2.5-14B,1.2,1,0.6455092487616494,0.5445196732363624,0.5053715387041753,0.25702417939352434
Qwen2.5-14B,1.3,1,0.5495839124748559,0.5216457627603595,0.4941357465244013,0.1643902650954813
Qwen2.5-14B,1.4,1,0.5504456793748219,0.5418786020319644,0.5182857464838065,0.25359072907446045
Qwen2.5-14B,1.5,1,0.5265770839592263,0.5178282093046672,0.5067446487124785,0.13247104826774067
Qwen2.5-14B,0.5,3,0.34767546241451125,0.21520990095345463,0.4978218824621821,0.009073908207153059
Qwen2.5-14B,0.9,3,0.5371104336869096,0.5367546153517198,0.476958267389619,0.06925847187627807
Qwen2.5-14B,1.0,5,0.786521447621618,0.7177409361328582,0.49219619747433496,0.7250575498159952
Qwen3.5-2B-Base,0.4,2,0.11678603090675915,0.1663037210414531,0.5088354368143039,0.0027311997357171575
Qwen3.5-2B-Base,0.4,1,0.123246949936025,0.10360181473737537,0.5071081181445624,0.00319099924917898
Qwen3.5-2B-Base,0.4,3,0.06156974195663091,0.06803574158068769,0.4805711637936968,0.0012809517053299514
Qwen3.5-2B-Base,0.4,4,0.07928171740524848,0.09261368726892677,0.5009928457342647,0.0025891172820327333
Qwen3.5-2B-Base,0.4,5,0.5240265876319466,0.47786674497857135,0.5094632987848802,0.010358123202697894
Qwen3.5-2B-Base,0.5,1,0.8225314905946779,0.6361638327024073,0.5078719593905561,0.05239123372808223
Qwen3.5-2B-Base,0.5,2,0.9126704415367313,0.6489451708424293,0.4935298179216854,0.04423270354740937
Qwen3.5-2B-Base,0.5,3,0.8264406096835515,0.6608183476759653,0.4834861480093049,0.02851152876922574
Qwen3.5-2B-Base,0.5,4,1.032304141724703,0.8588386473466758,0.5084358928375208,0.05669767707969408
Qwen3.5-2B-Base,0.5,5,0.4146987610749927,0.3368922388763364,0.5036143898267835,0.016862960069160052
Qwen3.5-2B-Base,0.6,1,0.933680620582306,0.7882176924807668,0.5258297529141945,0.03504014543201252
Qwen3.5-2B-Base,0.6,2,0.36229899656924275,0.25002969264896596,0.49442723600719873,0.015837281518163004
Qwen3.5-2B-Base,0.6,3,0.8937268840964468,0.6701926696423485,0.5019511419699463,0.1042359158600204
Qwen3.5-2B-Base,0.6,4,0.6128936762053505,0.5059642570691525,0.5064679626779258,0.08290777587038048
Qwen3.5-2B-Base,0.7,1,0.9000503279379306,0.7493339832655723,0.48961404687391474,0.11292162515876782
Qwen3.5-2B-Base,0.6,5,0.34416896608674735,0.3869703797446583,0.48232064838554956,0.001567164858810805
Qwen3.5-2B-Base,0.7,2,0.9110036077900989,0.8006832444839944,0.5023340243997194,0.33200098385623916
Qwen3.5-2B-Base,0.7,3,0.4297890242173246,0.31715817995388246,0.49698801578744956,0.030637582783548153
Qwen3.5-2B-Base,0.7,4,0.6205664350482789,0.5053224523476372,0.4922328706842669,0.09559991200037968
Qwen3.5-2B-Base,0.7,5,0.80945275590141,0.7016095860662536,0.48471714747596056,0.11168982232190601
Qwen3.5-2B-Base,0.8,1,0.8691735887178955,0.7164174524495527,0.5050673188436346,0.2675985307883444
Qwen3.5-2B-Base,0.8,2,0.8123010740962376,0.6683178922802906,0.4943475809148131,0.15659316484426683
Qwen3.5-2B-Base,0.8,3,0.8640122900514545,0.6573949906751455,0.5024034835207942,0.32322459995134084
Qwen3.5-2B-Base,0.8,4,0.9572630510172653,0.7170568243593441,0.4949371702911946,0.15794819720030454
Qwen3.5-2B-Base,0.8,5,0.6410508826505463,0.5261313701988656,0.48273179475938643,0.17356371501716508
Qwen3.5-2B-Base,0.9,1,0.6385767427544808,0.5859129721822678,0.5122187847023818,0.10773191242553198
Qwen3.5-2B-Base,0.9,2,0.7587617549545708,0.7619781853713826,0.4793066492875965,0.1100117142304025
Qwen3.5-2B-Base,0.9,3,0.6700620751479924,0.6200070931318284,0.5009418030873971,0.12312116236035893
Qwen3.5-2B-Base,0.9,4,0.597966021661778,0.544504495195445,0.48699632653986225,0.0435575824812127
Qwen3.5-2B-Base,0.9,5,0.6992126700663697,0.6085487155763031,0.5210617356108922,0.25332483801907935
Qwen3.5-2B-Base,1.0,1,0.9969945843999769,1.077194367544428,0.4882805466971558,0.47297397183778
Qwen3.5-2B-Base,1.0,2,0.5821437093812225,0.6375096285850307,0.49760796230373194,0.17427852707323774
Qwen3.5-2B-Base,1.0,3,0.648951139973584,0.6123907398122098,0.5302390440005321,0.10277491342865673
Qwen3.5-2B-Base,1.0,4,0.8705542024805161,0.8561962437707968,0.4696969625853825,0.6552336386701838
Qwen3.5-2B-Base,1.0,5,0.7085371048620335,0.7236899835311935,0.49112125652294114,0.4616722312334803
Qwen3.5-2B-Base,1.1,1,0.7372720641786312,0.6728624064888218,0.48643676380697287,0.27519766752950287
Qwen3.5-2B-Base,1.1,2,0.6177793686525199,0.5755144764689611,0.48827088568082755,0.4477777092926206
Qwen3.5-2B-Base,1.1,3,0.6889030248253525,0.5398012299099717,0.46219196565632836,0.42690679066043674
Qwen3.5-2B-Base,1.1,4,0.6512767578929174,0.5610861721725503,0.48875825471862566,0.2630002798748607
Qwen3.5-2B-Base,1.1,5,0.6565077107850907,0.5528765011338507,0.47546078406684833,0.41393567446791674
Qwen3.5-2B-Base,1.2,1,0.5586996536935561,0.529311487445747,0.5207709108172858,0.1282939945842971
Qwen3.5-2B-Base,1.2,2,0.618411282844795,0.5697847470879239,0.47948027414776867,0.2552989389548651
Qwen3.5-2B-Base,1.2,3,0.5695468405673942,0.5634367666726698,0.4888602571888123,0.09395084827211413
Qwen3.5-2B-Base,1.2,4,0.5444793401981668,0.5422188434379218,0.5113464191847388,0.154920289598182
Qwen3.5-2B-Base,1.2,5,0.7285679371237668,0.6430229437760473,0.5264913245398867,0.13563932993949626
Qwen3.5-2B-Base,1.3,1,0.5704062306777451,0.56335506171069,0.5116947398357089,0.09264216770290667
Qwen3.5-2B-Base,1.3,2,0.5556146046577481,0.5595226410135526,0.4924342033215515,0.07702223980605274
Qwen3.5-2B-Base,1.3,3,0.5660887533308763,0.5400120740462693,0.47435850313852823,0.14869697551734432
Qwen3.5-2B-Base,1.3,4,0.5774316344337228,0.603492527341715,0.5091850414646981,0.11733530975774249
Qwen3.5-2B-Base,1.3,5,0.5758382119205162,0.5585413292127374,0.5293624851084516,0.10615594235795149
Qwen3.5-2B-Base,1.4,1,0.5663630552806181,0.5422473539097805,0.4889449416547839,0.11785669016632308
Qwen3.5-2B-Base,1.4,2,0.5661471852962635,0.5429780334428082,0.49312521858625796,0.11607561351918973
Qwen3.5-2B-Base,1.4,3,0.612791260268497,0.5515501370413105,0.5017391698423554,0.13326372186030822
Qwen3.5-2B-Base,1.4,4,0.5917679763249446,0.5688146121779246,0.49059549046380635,0.17449833351406835
Qwen3.5-2B-Base,1.4,5,0.5577724804281741,0.5358097510504504,0.4877400689323076,0.15219278574932407
Qwen3.5-2B-Base,1.5,1,0.6083168782931954,0.5726322214800595,0.4798877282077129,0.10964363881784474
Qwen3.5-2B-Base,1.5,2,0.6088400946156094,0.6050482696938496,0.4833631777933932,0.12722740239684582
Qwen3.5-2B-Base,1.5,3,0.584282840850228,0.5953407307828898,0.5409588706868732,0.14598342821831978
Qwen3.5-2B-Base,1.5,4,0.5417658466492238,0.5355089889270868,0.503991186330162,0.17995753272288584
Qwen3.5-2B-Base,1.5,5,0.5787407409393105,0.5571548571815691,0.49177459803471235,0.10663791080615985
Qwen3.5-4B-Base,0.4,1,0.718958957392705,0.49109709066810603,0.48520760645765887,0.02988408884876059
Qwen3.5-4B-Base,0.4,2,0.28363805995895863,0.25847985259675615,0.5121393966165134,0.003115581976259509
Qwen3.5-4B-Base,0.4,3,0.1140476314438465,0.15201697607693762,0.5077276015383938,0.0027996103854294537
Qwen3.5-4B-Base,0.4,4,0.224528147745659,0.2966878481008976,0.5072402655403819,0.006863692879387983
Qwen3.5-4B-Base,0.4,5,0.24455931585719753,0.17829036327084044,0.508333161258462,0.003609438830178975
Qwen3.5-4B-Base,0.5,1,0.08523914212233862,0.10470262158646933,0.48701780902595226,0.0016866614145384195
Qwen3.5-4B-Base,0.5,2,0.5821628383187206,0.379046921472669,0.5123276991118271,0.02333230292634434
Qwen3.5-4B-Base,0.5,3,0.26278403784815285,0.2702783741904177,0.4966502141354017,0.005091734603426501
Qwen3.5-4B-Base,0.5,4,0.8503724303163364,0.6298645878445328,0.504374029305863,0.06428625847963382
Qwen3.5-4B-Base,0.5,5,0.862676548597976,0.673189452631727,0.5186730173041126,0.03345230879160444
Qwen3.5-4B-Base,0.6,1,0.09903659088972087,0.10727310770359533,0.49650441449033317,0.001884089427345316
Qwen3.5-4B-Base,0.6,2,0.6904899098886754,0.5540177137450906,0.5028486359018907,0.015913015768771747
Qwen3.5-4B-Base,0.6,3,0.52111532853983,0.39725543326029045,0.5050103723655202,0.0292874350229538
Qwen3.5-4B-Base,0.6,4,0.424240883110494,0.41638893489944173,0.49717441379592126,0.02018125307879953
Qwen3.5-4B-Base,0.6,5,0.4751499598660327,0.4008910937407613,0.4691064886643044,0.00668694144770323
Qwen3.5-4B-Base,0.7,1,0.5157617920080373,0.46610187151633875,0.49676836589758944,0.07462719149154216
Qwen3.5-4B-Base,0.7,2,0.47805513774272507,0.38410029928620515,0.5238677568017989,0.02428445036722308
Qwen3.5-4B-Base,0.7,3,0.583106313582712,0.39337651427063225,0.4862963785461932,0.07480678769555149
Qwen3.5-4B-Base,0.7,4,0.46308416995112717,0.3256825446275088,0.4953218329778569,0.04225083993759334
Qwen3.5-4B-Base,0.7,5,0.953626916794728,0.68862287154493,0.48410325344759386,0.11736310016927075
Qwen3.5-4B-Base,0.8,1,0.6323242895200714,0.4942385815748794,0.5009642647723728,0.07044210249781198
Qwen3.5-4B-Base,0.8,2,0.5822596520611105,0.5202886885358567,0.48718151961958667,0.12913398298349466
Qwen3.5-4B-Base,0.8,3,0.6748075288072014,0.5209785317419761,0.48126919879227203,0.04888918882459867
Qwen3.5-4B-Base,0.8,4,0.511750841564611,0.42986112606773663,0.4912673245048718,0.05200949151150708
Qwen3.5-4B-Base,0.8,5,0.8589352612838205,0.6206946471255678,0.4866644453247043,0.3234090871371267
Qwen3.5-4B-Base,0.9,1,0.772623347647203,0.6894509691277265,0.49179235690091566,0.35672299943374663
Qwen3.5-4B-Base,0.9,2,0.8613323936884683,0.7712920682117439,0.5278590936594161,0.6645069183569414
Qwen3.5-4B-Base,0.9,3,0.6835431189118731,0.6065219949683834,0.4924961745857813,0.33006678630987013
Qwen3.5-4B-Base,0.9,4,0.8087838136464185,0.6591055248408306,0.505131175014751,0.18386322576518438
Qwen3.5-4B-Base,0.9,5,0.757684568266972,0.6312354106138511,0.5117411565060339,0.21051553441448712
Qwen3.5-4B-Base,1.0,1,0.570731385349903,0.5733842650529942,0.48577186290848273,0.40880458013818566
Qwen3.5-4B-Base,1.0,2,0.8133233606623305,0.7812969913653479,0.4975720214100735,1.1077667155949533
Qwen3.5-4B-Base,1.0,3,0.7525789951025635,0.6278226385414386,0.4817988588544535,0.9681333230732239
Qwen3.5-4B-Base,1.0,4,0.7705071330180128,0.7769541541778704,0.48705278260652096,1.3675763937148353
Qwen3.5-4B-Base,1.0,5,0.6549483854907502,0.6794213225092522,0.5088999508193236,0.9056639485770577
Qwen3.5-4B-Base,1.1,1,0.5050074242344051,0.49745294425390085,0.4926458078207213,0.17450187116481844
Qwen3.5-4B-Base,1.1,2,0.540989813916805,0.5174798217658023,0.5239036876778513,0.20973833489727378
Qwen3.5-4B-Base,1.1,3,0.5617700671640082,0.5635922926969095,0.5080824632613591,0.21694725209462523
Qwen3.5-4B-Base,1.1,4,0.546941054284099,0.5398113865522978,0.5077513606670794,0.23287115429061261
Qwen3.5-4B-Base,1.1,5,0.5915739645587945,0.5524931448647623,0.5158498824476418,0.2377452183263614
Qwen3.5-4B-Base,1.2,1,0.5288105797864194,0.5320691747925326,0.486464569043628,0.1660291237840681
Qwen3.5-4B-Base,1.2,2,0.5192126991219322,0.5056782636030075,0.5037101062547991,0.15531975807857257
Qwen3.5-4B-Base,1.2,3,0.5627114217142699,0.5423100394216117,0.4933613155790557,0.16231599409055109
Qwen3.5-4B-Base,1.2,4,0.5431075733054321,0.5449346030367207,0.48042359494507275,0.16459969771343907
Qwen3.5-4B-Base,1.2,5,0.5543311175938738,0.530030695987171,0.4945069992303224,0.15619650946488692
Qwen3.5-4B-Base,1.3,1,0.5241591172819327,0.5183173770199377,0.49534238736191416,0.17546993420735413
Qwen3.5-4B-Base,1.3,2,0.563053546995304,0.5325118874945576,0.5024665023422372,0.15247101846215638
Qwen3.5-4B-Base,1.3,3,0.5708010420038736,0.535108898855257,0.5046492750247193,0.19147969502400933
Qwen3.5-4B-Base,1.3,4,0.5530116224222261,0.528021113791942,0.5048553023242898,0.16223109403347236
Qwen3.5-4B-Base,1.3,5,0.5007480550259623,0.5161722103839868,0.5178728749513883,0.13842524326391287
Qwen3.5-4B-Base,1.4,1,0.5194676057520834,0.506884161207068,0.5013245082317024,0.12602806365078384
Qwen3.5-4B-Base,1.4,2,0.5425904336536176,0.532727222990078,0.472685217959329,0.10525388976088741
Qwen3.5-4B-Base,1.4,3,0.5345949031347424,0.5255107906678541,0.5021084714005455,0.18306810773516144
Qwen3.5-4B-Base,1.4,4,0.544416899340019,0.5628347033083869,0.5061558417253497,0.13837332565214902
Qwen3.5-4B-Base,1.4,5,0.5361916810073348,0.5329809562061955,0.49798883944192995,0.16219195036380749
Qwen3.5-4B-Base,1.5,1,0.5204284709304104,0.5375542643106315,0.4995943495820281,0.1530105790046156
Qwen3.5-4B-Base,1.5,2,0.5215854477597552,0.5291865838257681,0.4917098833857349,0.13780039028845953
Qwen3.5-4B-Base,1.5,3,0.5360128541193777,0.5273695754900463,0.46649858494563834,0.1200035333033558
Qwen3.5-4B-Base,1.5,4,0.5131440551256194,0.5220333826236638,0.5114108969361163,0.12261824061958514
Qwen3.5-4B-Base,1.5,5,0.5293717583285801,0.5270807895547556,0.5029659728508573,0.14549289827154024
