modello,temperatura,sample_id,copertura,C_lag1,ampiezza,rumore,max_fft,gapelmaper,fase
Qwen2.5-1.5B,0.4,5,0.999785943631823,-0.11349818110466003,0.9841783046722412,0.01803235150873661,19.40899307280779,1.0021331160913507,solido (periodico)
Qwen2.5-1.5B,0.4,2,0.9999374687343672,-0.23897528648376465,0.9910781979560852,0.02364918403327465,24.852753861648733,1.2913641497260087,solido (periodico)
Qwen2.5-1.5B,0.5,3,0.9873417721518988,0.005289755761623383,0.9598507881164551,0.009862220846116543,3.6749219804815727,1.0092547474846394,solido (periodico)
Qwen2.5-1.5B,0.5,4,0.9998297582567246,-0.03374240919947624,0.9813306927680969,0.015388717874884605,6.356087993504082,0.9954292789188356,solido (periodico)
Qwen2.5-1.5B,0.6,2,0.9997892666479348,-0.13362540304660797,0.9709562063217163,0.02063445746898651,14.66043552508609,1.022661128170674,solido (periodico)
Qwen2.5-1.5B,0.5,5,0.97268708556994,0.019687820225954056,0.9436216354370117,0.014307036995887756,3.0762178538050935,0.9887425087506753,solido (periodico)
Qwen2.5-1.5B,0.4,1,0.9644995722840034,-0.04151264950633049,0.9541733860969543,0.01665801741182804,9.097993412929382,0.9654259927152271,solido (periodico)
Qwen2.5-1.5B,0.6,3,0.9999353963434331,-0.04471615329384804,0.9924614429473877,0.016544701531529427,16.174505954899654,0.8098625332543558,solido (periodico)
Qwen2.5-1.5B,0.4,4,0.9998140572703608,0.008610744960606098,0.9894485473632812,0.017140889540314674,7.709110818962481,0.9898106600309255,solido (periodico)
Qwen2.5-1.5B,0.4,3,0.9997954731388056,-0.09988315403461456,0.9751535058021545,0.013785007409751415,6.758016169211654,1.0509271541116232,solido (periodico)
Qwen2.5-1.5B,0.5,1,0.9999379229002421,0.031897976994514465,0.9882517457008362,0.011499965563416481,6.509817345424827,1.0150751225018733,solido (periodico)
Qwen2.5-1.5B,0.5,2,1.0,-0.20554132759571075,0.9881193041801453,0.02394183911383152,19.13857135599301,0.9936742347291547,solido (periodico)
Qwen2.5-1.5B,0.6,1,0.9998151798915722,-0.016205724328756332,0.9667041897773743,0.014817822724580765,12.749735989425082,0.9984062782836814,solido (periodico)
Qwen2.5-1.5B,0.7,1,0.9989017885158457,-0.24507658183574677,0.9024292230606079,0.016741925850510597,24.83995971639048,2.0041082301259467,solido (periodico)
Qwen2.5-1.5B,0.8,1,0.997318700505082,0.03725209832191467,0.7381501793861389,0.013733560219407082,10.603044087725106,1.003696942287611,solido (periodico)
Qwen2.5-1.5B,0.6,4,0.9989598983011673,-0.04472377523779869,0.9490888118743896,0.015515748411417007,7.80506062494567,1.0093502315937535,solido (periodico)
Qwen2.5-1.5B,0.7,3,0.9997186743937433,0.0546916238963604,0.9381042122840881,0.011090543121099472,8.580697097097843,0.9410999202976718,solido (periodico)
Qwen2.5-1.5B,0.7,5,0.999413059427733,-0.494566947221756,0.8396293520927429,0.03207597881555557,25.486768765645266,1.0041378011680426,solido (periodico)
Qwen2.5-1.5B,0.7,2,0.9998703487618307,-0.015006394125521183,0.8110618591308594,0.01132795587182045,1.7959983980565262,0.85459848137699,critico (power law)
Qwen2.5-1.5B,0.8,5,0.9988937333246567,-0.14990897476673126,0.8552026152610779,0.01754370890557766,32.147907238075405,0.8625775597090516,solido (periodico)
Qwen2.5-1.5B,0.7,4,0.9386678390855133,0.021753380075097084,0.7797002792358398,0.012451437301933765,1.5289233043081938,1.0543201468629466,gas (amorfo)
Qwen2.5-1.5B,0.8,4,0.9973898650369238,0.005599830765277147,0.7219378352165222,0.01898752897977829,9.624924676361106,0.5284926226291746,solido (periodico)
Qwen2.5-1.5B,0.8,3,0.9981492118195162,0.007152724079787731,0.8489981293678284,0.011083189398050308,6.64133125817934,0.9637486618840905,solido (periodico)
Qwen2.5-1.5B,0.6,5,0.9999407442521925,-0.07454586029052734,0.9844791293144226,0.02948484756052494,22.168753969034388,0.9981366597568128,solido (periodico)
Qwen2.5-1.5B,0.9,2,0.8288168614948637,0.05568700283765793,0.26183420419692993,0.012102720327675343,2.666814132276222,1.0011430184537482,gas (amorfo)
Qwen2.5-1.5B,0.9,3,0.9980060388537572,-0.5184102654457092,0.7408522367477417,0.017702551558613777,12.93224196697343,1.0016759684464425,solido (periodico)
Qwen2.5-1.5B,0.9,4,0.9945264765784114,0.03037978708744049,0.6718711256980896,0.015583835542201996,6.112878638203861,0.9903572527216621,solido (periodico)
Qwen2.5-1.5B,0.9,5,0.9814672997396232,0.012936164624989033,0.1560930758714676,0.021141745150089264,3.0928445598110557,1.037127293817783,solido (periodico)
Qwen2.5-1.5B,1.1,2,0.3696,0.016213171184062958,0.016213171184062958,0.0024237981997430325,0.13559664147188807,1.8704969352794059,non valutabile
Qwen2.5-1.5B,1.0,1,0.38349047527419666,0.028755005449056625,0.028755005449056625,0.0035605786833912134,0.07716374545748006,1.4966002991980443,non valutabile
Qwen2.5-1.5B,1.1,3,0.29390905298289527,0.009144732728600502,0.009144732728600502,0.002741554519161582,0.054801760143239585,1.4511867908438776,non valutabile
Qwen2.5-1.5B,1.1,1,0.26417848206839034,0.011464624665677547,0.011464624665677547,0.0025547100231051445,0.11239854933148372,0.5954633280970283,non valutabile
Qwen2.5-1.5B,1.1,5,0.27740970292797607,0.009203203022480011,0.009203203022480011,0.0028134232852607965,0.04090614415507255,2.3037483322960814,non valutabile
Qwen2.5-1.5B,1.0,4,0.6056863871338312,0.051530227065086365,0.051530227065086365,0.005670242942869663,0.252502537715528,1.1018322058645007,gas (amorfo)
Qwen2.5-1.5B,1.0,5,0.47030878859857483,0.03709341585636139,0.03858662396669388,0.003966955468058586,0.07167471405893622,1.326848364410517,non valutabile
Qwen2.5-1.5B,1.0,3,0.4656852581380883,0.04505152255296707,0.04505152255296707,0.004942262079566717,0.10510723326571184,1.2119055811321173,non valutabile
Qwen2.5-1.5B,1.2,1,0.2922542012748696,0.009351003915071487,0.009351003915071487,0.002515427302569151,0.09937625040950403,0.6824628600481377,non valutabile
Qwen2.5-1.5B,1.0,2,0.3857185097575399,0.02746114321053028,0.02746114321053028,0.002822892041876912,0.1038300885553398,0.9189590020402045,non valutabile
Qwen2.5-1.5B,1.2,2,0.2897831679529585,0.004776033107191324,0.004776033107191324,0.001950377831235528,0.05035027000154123,0.6889286709512726,non valutabile
Qwen2.5-1.5B,1.2,3,0.2458695652173913,0.006856400519609451,0.006856400519609451,0.0015051328809931874,0.0651105774009249,0.8981834763566081,non valutabile
Qwen2.5-1.5B,1.2,4,0.3274014890139822,0.009075826033949852,0.009075826033949852,0.0021688209380954504,0.030789860926201923,1.3837749552493936,non valutabile
Qwen2.5-1.5B,1.3,1,0.23498988081852934,0.0019081378122791648,0.0019081378122791648,0.0018802480772137642,0.01476377287897229,1.0338883411480586,non valutabile
Qwen2.5-1.5B,1.3,3,0.27875384894040933,0.0034323385916650295,0.0034323385916650295,0.002581324428319931,0.017152703180709602,0.9456215846221511,non valutabile
Qwen2.5-1.5B,1.3,2,0.2986921173559562,0.00369655666872859,0.00369655666872859,0.0017431529704481363,0.03389152454041068,0.8098764592843054,non valutabile
Qwen2.5-1.5B,1.2,5,0.260543580131209,0.005201770458370447,0.005201770458370447,0.0019747300539165735,0.025184661080002033,0.8868046015472355,non valutabile
Qwen2.5-1.5B,1.3,4,0.3172052401746725,0.0007989982259459794,0.0022774282842874527,0.002640597289428115,0.015136990377983753,0.9972850821116797,non valutabile
Qwen2.5-1.5B,1.3,5,0.27682403433476394,0.0007060554926283658,0.00278649665415287,0.0023363286163657904,0.01918073541649864,0.7198019021177724,non valutabile
Qwen2.5-1.5B,1.4,1,0.33061578490893323,0.0014649396762251854,0.002085385611280799,0.002330821007490158,0.02236603533955621,1.0235037174002786,non valutabile
Qwen2.5-1.5B,1.4,3,0.2842512077294686,0.002712503308430314,0.002770124701783061,0.0019888784736394882,0.016233139312361825,0.9950279320915865,non valutabile
Qwen2.5-1.5B,1.4,2,0.3064953862855075,0.0018533762777224183,0.0023333714343607426,0.0016953848535194993,0.018339774535678904,0.9237563269830412,non valutabile
Qwen2.5-1.5B,1.4,4,0.2934245534017484,0.003338045673444867,0.003338045673444867,0.0020032792817801237,0.016240526778689056,0.9501940495731563,non valutabile
Qwen2.5-1.5B,1.4,5,0.32174355495251017,0.0028254459612071514,0.0028254459612071514,0.0018433965742588043,0.015842367789547437,0.9792283557458615,non valutabile
Qwen2.5-1.5B,1.5,1,0.3137685134393856,0.0031025272328406572,0.0031025272328406572,0.0015643412480130792,0.015593707950653155,1.010607019486486,non valutabile
Qwen2.5-1.5B,1.5,2,0.34521384928716903,0.0007509827264584601,0.001965993084013462,0.0021900362335145473,0.013473335107846993,0.9875155792114638,non valutabile
Qwen2.5-1.5B,1.5,3,0.29947152084556666,0.002450070809572935,0.002450070809572935,0.0018161203479394317,0.02082216539414776,0.9950119089886338,non valutabile
Qwen2.5-1.5B,1.5,4,0.30227140361094934,0.0014407450798898935,0.0019756134133785963,0.0027639304753392935,0.015567544825707129,0.9891692460197823,non valutabile
Qwen2.5-1.5B,1.5,5,0.3154716981132075,0.0012650573626160622,0.0026390047278255224,0.0019352275412529707,0.013634940411066053,0.9412559971633045,non valutabile
Qwen2.5-3B,0.4,1,0.9999355005159959,0.03969833254814148,0.9877951145172119,0.010762549005448818,3.3043836625589704,0.9858602415055964,solido (periodico)
Qwen2.5-3B,0.4,2,0.9998811363366219,0.0017477538203820586,0.9883086681365967,0.012096565216779709,13.136080537658048,0.9792712538457337,solido (periodico)
Qwen2.5-3B,0.4,3,0.9998233319592486,0.013183468021452427,0.9858819842338562,0.010389982722699642,7.250398939920656,1.0829540648464788,solido (periodico)
Qwen2.5-3B,0.4,4,0.9998357154591753,0.015199515037238598,0.9864715933799744,0.007229156792163849,6.197751316503234,0.9943335422847008,solido (periodico)
Qwen2.5-3B,0.4,5,0.9920355744341939,0.045510973781347275,0.24477256834506989,0.011722811497747898,1.863959104849159,0.9953543820105265,critico (power law)
Qwen2.5-3B,0.5,1,0.9995803860448388,-0.061000119894742966,0.9728882908821106,0.009410168044269085,14.234923768079007,1.0631270019981687,solido (periodico)
Qwen2.5-3B,0.5,2,0.9998713495432909,-0.0631137415766716,0.9955260157585144,0.017649544402956963,17.47551380627711,0.7770712788092284,solido (periodico)
Qwen2.5-3B,0.5,3,0.9998726601298866,-0.029007598757743835,0.9873542189598083,0.018583497032523155,6.0947883521614905,1.0209599269466556,solido (periodico)
Qwen2.5-3B,0.5,4,0.9982251055756166,0.09120025485754013,0.9460339546203613,0.011446991004049778,7.885756513007048,1.0627060731065938,solido (periodico)
Qwen2.5-3B,0.5,5,0.9995926680244399,0.05173862352967262,0.9836437702178955,0.013433300890028477,13.437720392099198,1.0004970442350405,solido (periodico)
Qwen2.5-3B,0.6,1,1.0,-0.13395753502845764,0.9862560629844666,0.026830999180674553,5.644056962422854,1.001610952461925,solido (periodico)
Qwen2.5-3B,0.6,2,0.999875327265927,-0.09646740555763245,0.8087953925132751,0.015072367154061794,10.486720877409674,0.9826815184825837,solido (periodico)
Qwen2.5-3B,0.6,3,0.9981642393831844,-0.0520889088511467,0.9497012495994568,0.01690021902322769,8.017739870223561,0.9757963532944571,solido (periodico)
Qwen2.5-3B,0.6,4,0.9998769533653254,0.02725852280855179,0.9530053734779358,0.011605813167989254,7.903093161436947,1.1659983315983058,solido (periodico)
Qwen2.5-3B,0.6,5,0.9998687922325001,-0.31390801072120667,0.9779762029647827,0.023205623030662537,33.05396558344364,0.9939003152251156,solido (periodico)
Qwen2.5-3B,0.7,1,0.9947916666666666,-0.3609943687915802,0.8894274234771729,0.032153066247701645,34.070821078991365,1.4320618301390233,solido (periodico)
Qwen2.5-3B,0.7,2,0.9987703435804701,-0.05758386105298996,0.9361804723739624,0.022006802260875702,12.24409319626305,0.680229008838347,solido (periodico)
Qwen2.5-3B,0.7,3,0.9998233839632639,-0.04296887665987015,0.9552850723266602,0.020087892189621925,9.244137566673036,0.9653645846835074,solido (periodico)
Qwen2.5-3B,0.7,4,0.9480149304377333,-0.04354904219508171,0.9198926091194153,0.009674731642007828,5.47504270177044,1.0035847926815962,solido (periodico)
Qwen2.5-3B,0.7,5,0.9993972272453285,-0.20261117815971375,0.9364998936653137,0.02174004726111889,14.678993353496212,1.1511103960684121,solido (periodico)
Qwen2.5-3B,0.8,1,0.9982572324851865,-0.05726682022213936,0.9817436933517456,0.012590829282999039,14.314690832590637,0.3518525732856303,solido (periodico)
Qwen2.5-3B,0.8,2,0.9955241307732227,-0.3105352222919464,0.9215136766433716,0.053533025085926056,37.73360363394022,9.009583112895129,solido (periodico)
Qwen2.5-3B,0.8,3,0.99939584340261,-0.04123246297240257,0.6100157499313354,0.012598579749464989,5.56762844921568,0.7980127867379597,solido (periodico)
Qwen2.5-3B,0.8,4,0.9983179142136249,-0.4166315495967865,0.8832481503486633,0.02272827923297882,45.16869627684355,0.9992153651306006,solido (periodico)
Qwen2.5-3B,0.8,5,0.9976768021865391,-0.16195353865623474,0.8911516666412354,0.04118998721241951,19.25790460630432,1.0062770652588726,solido (periodico)
Qwen2.5-3B,0.9,3,0.9413942011104257,-0.08428256213665009,0.7177900075912476,0.031094767153263092,10.07045099210828,1.0011327564740242,solido (periodico)
Qwen2.5-3B,0.9,4,0.9961807765754297,-0.1282089352607727,0.472289502620697,0.0400361567735672,6.473118803374553,1.0323373866594956,solido (periodico)
Qwen2.5-3B,0.9,5,0.7587968217934166,-0.14433985948562622,0.5349724888801575,0.017383579164743423,18.41768854888389,0.4763227601636554,solido (periodico)
Qwen2.5-3B,1.0,4,0.393765903307888,0.03587751090526581,0.03587751090526581,0.00579079007729888,0.23603628078837394,0.6733416015227864,non valutabile
Qwen2.5-3B,1.1,1,0.24021739130434783,0.010900589637458324,0.010900589637458324,0.0025187255814671516,0.0451040397973041,0.7965548428812292,non valutabile
Qwen2.5-3B,1.1,3,0.2846209912536443,0.01959671638906002,0.01959671638906002,0.00282014487311244,0.0720421687004806,1.744092855084949,non valutabile
Qwen2.5-3B,1.1,4,0.35555555555555557,0.021272500976920128,0.021327856928110123,0.004429638385772705,0.10854868170072846,1.0801373537548602,non valutabile
Qwen2.5-3B,1.1,5,0.46032414228583457,0.03262718394398689,0.03262718394398689,0.004518437664955854,0.16675810946383546,2.4517211712802256,non valutabile
Qwen2.5-3B,1.2,1,0.24274553571428573,0.0033102647867053747,0.0050115990452468395,0.0020649756770581007,0.05918394815011867,0.7852067370612792,non valutabile
Qwen2.5-3B,1.2,2,0.23647294589178355,0.010819687508046627,0.010894418694078922,0.0028419785667210817,0.10600901117487788,1.454593420018687,non valutabile
Qwen2.5-3B,1.2,3,0.26362297496318116,0.007424893788993359,0.007424893788993359,0.0022859389428049326,0.05950461463475729,0.830324382435942,non valutabile
Qwen2.5-3B,1.2,4,0.3229072907290729,0.010139640420675278,0.010139640420675278,0.00232067983597517,0.049314590950786566,1.3594818017503014,non valutabile
Qwen2.5-3B,1.2,5,0.3327810650887574,0.010998200625181198,0.012072077952325344,0.0022733632940799,0.04044153254451072,1.83756437213071,non valutabile
Qwen2.5-3B,1.3,1,0.28487486398258977,0.003041513031348586,0.003497497644275427,0.0020149259362369776,0.030132092708826407,0.9478304774642562,non valutabile
Qwen2.5-3B,1.3,2,0.22952917093142272,0.002782173454761505,0.002782173454761505,0.0023395915050059557,0.023965055807144704,0.9103917799541668,non valutabile
Qwen2.5-3B,1.3,3,0.22129783693843594,0.00014034190098755062,0.0022486960515379906,0.0020097955130040646,0.014801608387843944,0.9990179276880203,non valutabile
Qwen2.5-3B,1.3,4,0.25812619502868067,0.001208613277412951,0.0018816539086401463,0.0018298854120075703,0.0159809468703247,1.0037578704066161,non valutabile
Qwen2.5-3B,1.3,5,0.25760755508919203,0.0013326389016583562,0.0029900954104959965,0.0023957400117069483,0.015792166375160486,0.9332596604189992,non valutabile
Qwen2.5-3B,1.4,1,0.2500627667587246,0.0008938976097851992,0.0018565610516816378,0.0018530883826315403,0.012646304401629128,0.9968872382860725,non valutabile
Qwen2.5-3B,1.4,2,0.25989672977624784,0.0015404094010591507,0.002184229902923107,0.0022885280195623636,0.014139258716004254,0.9973678972377351,non valutabile
Qwen2.5-3B,1.4,3,0.2618701550387597,-0.0002915752702392638,0.0019055737648159266,0.0024859560653567314,0.016566419005287308,0.9894722425827773,non valutabile
Qwen2.5-3B,1.4,4,0.2966497461928934,0.0018001763382926583,0.0025332022923976183,0.0019793962128460407,0.019244568667651365,1.0426873423208058,non valutabile
Qwen2.5-3B,1.4,5,0.2745919717688575,0.0005294600268825889,0.0019994552712887526,0.0018214486772194505,0.015391291035946766,0.8229501779838075,non valutabile
Qwen2.5-3B,1.5,1,0.27205553067622035,0.0014102313434705138,0.0016798158176243305,0.001689411117695272,0.01402732512892762,0.9914285914753395,non valutabile
Qwen2.5-3B,1.5,2,0.28689415344490327,0.003079128684476018,0.003079128684476018,0.002198999049142003,0.023098784537873656,0.9927813026251374,non valutabile
Qwen2.5-3B,1.5,3,0.2750756341633698,0.0006774986395612359,0.0016491026617586613,0.0033325834665447474,0.01360843199156832,0.9648053434477576,non valutabile
Qwen2.5-3B,1.5,4,0.28298153034300794,0.0009186333627440035,0.0022511330898851156,0.0017966788727790117,0.018498664287319354,1.0071508313746826,non valutabile
Qwen2.5-3B,1.5,5,0.26288308740068106,0.0014999168924987316,0.0017981856362894177,0.001961873844265938,0.011870736420467716,0.9908335516999373,non valutabile
Qwen2.5-14B,0.4,1,0.999866675554963,-0.18297147750854492,0.980536162853241,0.020360004156827927,31.089357695889273,1.0188642610105803,solido (periodico)
Qwen2.5-14B,0.6,1,0.9675476244258715,0.01796482689678669,0.18625764548778534,0.014199694618582726,0.8891778152687179,0.9525823124289647,critico (power law)
Qwen2.5-14B,0.7,1,0.9954251555447114,-0.13620619475841522,0.7227352261543274,0.014270496554672718,21.27520179376006,1.002174505417108,solido (periodico)
Qwen2.5-14B,0.8,1,0.9951447127813859,-0.06451977789402008,0.6446774005889893,0.011360571719706059,11.316143043339252,1.0164588734899482,solido (periodico)
Qwen2.5-14B,1.1,1,0.2870169344333478,0.019445689395070076,0.019445689395070076,0.003689016681164503,0.1240497784101455,1.2090559836554207,non valutabile
Qwen2.5-14B,1.2,1,0.2706459525756337,0.012948429211974144,0.015548140741884708,0.0037021657917648554,0.09314439151085238,2.016174193261344,non valutabile
Qwen2.5-14B,1.3,1,0.23811107416029265,0.003193325363099575,0.0034752720966935158,0.002087722532451153,0.024227177719951542,1.003072553652433,non valutabile
Qwen2.5-14B,1.4,1,0.28942058230037476,0.002123726299032569,0.0023761780466884375,0.0030020594131201506,0.022015737858028694,1.0267660209391554,non valutabile
Qwen2.5-14B,1.5,1,0.23888711224816117,-0.0005413578473962843,0.0018386621959507465,0.0020508538000285625,0.0159968499412837,1.0153232743953313,non valutabile
Qwen2.5-14B,0.5,3,0.9993719086127032,0.03185662627220154,0.9645216464996338,0.012266181409358978,4.340902960953045,1.0572805383566548,solido (periodico)
Qwen2.5-14B,0.9,3,0.995190380761523,0.08543357253074646,0.550754725933075,0.011614148505032063,1.9336693143901247,0.9510265545191259,critico (power law)
Qwen2.5-14B,1.0,5,0.6118272639381244,0.045237958431243896,0.045237958431243896,0.005368885118514299,0.31189453334894646,0.8691315303870286,critico (power law)
Qwen3.5-2B-Base,0.4,2,1.0,0.047080136835575104,0.9962466359138489,0.010475696995854378,3.591043683066805,1.0205045100699746,solido (periodico)
Qwen3.5-2B-Base,0.4,1,1.0,0.07183452695608139,0.9924872517585754,0.014097269624471664,6.54958820767475,1.0168080966581283,solido (periodico)
Qwen3.5-2B-Base,0.4,3,1.0,-0.10542363673448563,0.9975957274436951,0.010571972467005253,12.034049424224982,0.9968734121919215,solido (periodico)
Qwen3.5-2B-Base,0.4,4,1.0,-0.19034205377101898,0.9964767694473267,0.013786998577415943,13.378359158310877,0.9945935646422441,solido (periodico)
Qwen3.5-2B-Base,0.4,5,0.9999403803732189,-0.046887002885341644,0.9902573823928833,0.010536140762269497,19.05058024108881,0.99503522910779,solido (periodico)
Qwen3.5-2B-Base,0.5,1,0.9998648009193537,-0.1314259022474289,0.9756823778152466,0.015096326358616352,15.932013704870243,0.9973167817413234,solido (periodico)
Qwen3.5-2B-Base,0.5,2,0.9999108734402852,-0.08053901046514511,0.9697685241699219,0.026854615658521652,27.803845124743365,0.9847498973175615,solido (periodico)
Qwen3.5-2B-Base,0.5,3,1.0,-0.4701317250728607,0.9827647805213928,0.022205986082553864,39.769879308492314,0.9432818892178811,solido (periodico)
Qwen3.5-2B-Base,0.5,4,0.9998749531074153,-0.1332298070192337,0.9839627742767334,0.016635337844491005,20.038036979734898,1.0014605307780826,solido (periodico)
Qwen3.5-2B-Base,0.5,5,0.9998848788349738,0.09370484203100204,0.9911375045776367,0.009533055126667023,8.849531063300555,1.3369761290196065,solido (periodico)
Qwen3.5-2B-Base,0.6,1,1.0,-0.08540063351392746,0.984964907169342,0.013098003342747688,18.31570989018418,0.5580345626237093,solido (periodico)
Qwen3.5-2B-Base,0.6,2,0.9995188342040143,0.10468235611915588,0.9544340372085571,0.012797093018889427,2.379220266725757,1.0240706626884803,gas (amorfo)
Qwen3.5-2B-Base,0.6,3,0.999652052887961,0.017720259726047516,0.9608855843544006,0.006997397169470787,13.601846479953009,0.9730215576368398,solido (periodico)
Qwen3.5-2B-Base,0.6,4,0.9997322086094932,-0.0917842760682106,0.9116009473800659,0.02764187566936016,14.202485846319595,1.0006542840510058,solido (periodico)
Qwen3.5-2B-Base,0.7,1,0.99969245909706,-0.06418427079916,0.9523661136627197,0.01072376687079668,18.940454915337703,0.7638978382339083,solido (periodico)
Qwen3.5-2B-Base,0.6,5,1.0,0.02637643925845623,0.10053505748510361,0.009231760166585445,0.8004162212520239,1.0014269925438244,gas (amorfo)
Qwen3.5-2B-Base,0.7,2,0.9998543229659844,-0.45329123735427856,0.9171509742736816,0.024731643497943878,60.37722918391228,1.0160510750902723,solido (periodico)
Qwen3.5-2B-Base,0.7,3,0.9439782823297137,0.006574798841029406,0.8470507264137268,0.0193962249904871,5.061532599620328,1.1174641663049714,solido (periodico)
Qwen3.5-2B-Base,0.7,4,0.9997820876007845,0.0020510568283498287,0.9181545376777649,0.013972139917314053,6.675376033477033,0.9241496270601814,solido (periodico)
Qwen3.5-2B-Base,0.7,5,0.9990950226244344,-0.0356903150677681,0.9103824496269226,0.012112104333937168,15.136423100251704,1.3224828270866165,solido (periodico)
Qwen3.5-2B-Base,0.8,1,0.9992009056402743,-0.18259406089782715,0.8060873746871948,0.012927900068461895,26.566477048706044,1.6463392244415749,solido (periodico)
Qwen3.5-2B-Base,0.8,2,1.0,-0.016862764954566956,0.8746539950370789,0.014268394559621811,9.524683968929958,0.5618466170835283,solido (periodico)
Qwen3.5-2B-Base,0.8,3,0.9995634004864966,-0.21107445657253265,0.8554840087890625,0.03438157960772514,26.83182130753994,1.0861600119637949,solido (periodico)
Qwen3.5-2B-Base,0.8,4,0.9997012472925536,-0.12958572804927826,0.9422298669815063,0.01931687816977501,15.465530930017584,1.0005129585758175,solido (periodico)
Qwen3.5-2B-Base,0.8,5,0.9975189261403398,-0.005436406005173922,0.737697958946228,0.011800025589764118,3.293109626647537,1.0992847021014598,solido (periodico)
Qwen3.5-2B-Base,0.9,1,0.9750731188513693,0.055359791964292526,0.13724367320537567,0.009777399711310863,1.1152749698999176,0.9737899244729086,critico (power law)
Qwen3.5-2B-Base,0.9,2,0.9983351831298557,0.026577914133667946,0.20177938044071198,0.012283161282539368,4.018863582688803,1.0075477121041587,solido (periodico)
Qwen3.5-2B-Base,0.9,3,0.9940832336125516,0.015560653991997242,0.4664364755153656,0.01041128858923912,4.429642715151977,0.9652881080856862,solido (periodico)
Qwen3.5-2B-Base,0.9,4,0.9880101452617016,0.039905011653900146,0.08710835129022598,0.009044681675732136,0.8621458307799711,0.9689558583245228,critico (power law)
Qwen3.5-2B-Base,0.9,5,0.9979137264527214,0.11760412156581879,0.5699834227561951,0.024992873892188072,10.040401747178846,1.001847620053319,solido (periodico)
Qwen3.5-2B-Base,1.0,1,0.923612576492931,0.24752381443977356,0.2592357099056244,0.016922662034630775,0.3035853617669422,3.6291310392902627,gas (amorfo)
Qwen3.5-2B-Base,1.0,2,0.5578635014836796,-0.021169696003198624,0.02608107402920723,0.007466260809451342,0.17754382483061054,0.7985792365438265,critico (power law)
Qwen3.5-2B-Base,1.0,3,0.9064936810970691,0.03598105162382126,0.03598105162382126,0.008682120591402054,0.1131591559596362,0.8003757943757644,critico (power law)
Qwen3.5-2B-Base,1.0,4,0.9232981783317353,0.041549425572156906,0.041549425572156906,0.01323771197348833,0.1821063823168867,1.3478106048344203,gas (amorfo)
Qwen3.5-2B-Base,1.0,5,0.4501891551071879,0.02523849345743656,0.02523849345743656,0.005270495545119047,0.05520496087356901,0.9743993268357242,non valutabile
Qwen3.5-2B-Base,1.1,1,0.3898468754310939,0.010943539440631866,0.010943539440631866,0.0042653619311749935,0.041042521866621294,1.1155842735294013,non valutabile
Qwen3.5-2B-Base,1.1,2,0.2571154461144867,0.01924901083111763,0.01924901083111763,0.0038672250229865313,0.11286448001452853,1.247497919406871,non valutabile
Qwen3.5-2B-Base,1.1,3,0.30130385487528344,0.018192552030086517,0.018192552030086517,0.0032989983446896076,0.046962730074154975,1.7015399702884317,non valutabile
Qwen3.5-2B-Base,1.1,4,0.23181686467690524,0.012347187846899033,0.012347187846899033,0.0029035890474915504,0.08023377993141745,1.641625582346902,non valutabile
Qwen3.5-2B-Base,1.1,5,0.2542571931884909,0.02318171039223671,0.02318171039223671,0.002960097510367632,0.06852229543087816,1.7724053567641331,non valutabile
Qwen3.5-2B-Base,1.2,1,0.26006261180679785,0.0051627811044454575,0.0051627811044454575,0.002237982815131545,0.057992560345836844,1.0200541026802143,non valutabile
Qwen3.5-2B-Base,1.2,2,0.20492565055762083,0.003760935040190816,0.003760935040190816,0.0021948579233139753,0.04557115107134553,0.790479053964341,non valutabile
Qwen3.5-2B-Base,1.2,3,0.20827456511518572,0.003245348110795021,0.0038431338034570217,0.0020592694636434317,0.04557595533805548,0.7519865140359159,non valutabile
Qwen3.5-2B-Base,1.2,4,0.27607476635514017,0.00523077417165041,0.00523077417165041,0.002086982596665621,0.02732109984228263,0.8233538187033087,non valutabile
Qwen3.5-2B-Base,1.2,5,0.27963396467333473,0.009696808643639088,0.00994501169770956,0.0024237351026386023,0.08215576643888872,3.681402809294252,non valutabile
Qwen3.5-2B-Base,1.3,1,0.25380287559908316,0.002611872972920537,0.0035773473791778088,0.002135780407115817,0.032168967297629525,0.8480365550449666,non valutabile
Qwen3.5-2B-Base,1.3,2,0.2550980392156863,0.002367106731981039,0.002367106731981039,0.0019688187167048454,0.013178212427257424,1.0203781566696257,non valutabile
Qwen3.5-2B-Base,1.3,3,0.2517768684040491,0.0033259422052651644,0.0033259422052651644,0.002074016258120537,0.020493725208703635,1.0516913140767197,non valutabile
Qwen3.5-2B-Base,1.3,4,0.25426356589147286,0.01145534124225378,0.01145534124225378,0.0026918610092252493,0.14184990323247287,1.046918877188069,non valutabile
Qwen3.5-2B-Base,1.3,5,0.25666733507118505,0.003913850523531437,0.003913850523531437,0.002105194143950939,0.039898953965946324,0.841778477576465,non valutabile
Qwen3.5-2B-Base,1.4,1,0.24660587639311043,0.0030233210418373346,0.0030233210418373346,0.0018290801672264934,0.02066963981794708,0.9293356215702991,non valutabile
Qwen3.5-2B-Base,1.4,2,0.2244449329522972,0.0024462847504764795,0.0024462847504764795,0.0021981874015182257,0.016511691996826713,0.9955802836867806,non valutabile
Qwen3.5-2B-Base,1.4,3,0.2587106196536616,0.000940334633924067,0.002247836673632264,0.002260985318571329,0.024838081329321426,1.0497805477516444,non valutabile
Qwen3.5-2B-Base,1.4,4,0.26894768251442214,0.003441082313656807,0.003441082313656807,0.0018684181850403547,0.01619913270237946,1.0160714632523473,non valutabile
Qwen3.5-2B-Base,1.4,5,0.25425152214990554,0.004044863395392895,0.004044863395392895,0.0020498777739703655,0.037068526302299294,0.8654038464339043,non valutabile
Qwen3.5-2B-Base,1.5,1,0.2765312310491207,0.001882351003587246,0.001882351003587246,0.001966407522559166,0.016638349693875475,0.9513100870035059,non valutabile
Qwen3.5-2B-Base,1.5,2,0.24838431710469625,0.00038911018054932356,0.002258526161313057,0.001343251089565456,0.01892026785471505,1.0019274469524333,non valutabile
Qwen3.5-2B-Base,1.5,3,0.27991196478591435,0.000629743211902678,0.00214409944601357,0.0019060497870668769,0.01976712854110222,0.9987713207843758,non valutabile
Qwen3.5-2B-Base,1.5,4,0.2538147431764453,0.0007270637433975935,0.0023211129009723663,0.003377906745299697,0.016803870415150017,1.3180063144717398,non valutabile
Qwen3.5-2B-Base,1.5,5,0.2676227024843466,0.001899994327686727,0.002329847775399685,0.0018303546821698546,0.023475534831166774,1.0010439257228056,non valutabile
Qwen3.5-4B-Base,0.4,1,0.9998783602968009,-0.0854593813419342,0.9800092577934265,0.012163220904767513,17.0678833758529,0.4009459167855579,solido (periodico)
Qwen3.5-4B-Base,0.4,2,1.0,-0.04256502166390419,0.9958025813102722,0.014652042649686337,13.907636265580134,0.9968011284741826,solido (periodico)
Qwen3.5-4B-Base,0.4,3,0.9999280679038988,-0.028605563566088676,0.9932000041007996,0.010756249539554119,3.4332900847506145,1.0122803994623606,solido (periodico)
Qwen3.5-4B-Base,0.4,4,0.9999370990061643,-0.05551851913332939,0.9795780181884766,0.011591911315917969,4.779477632786763,0.9743665504220959,solido (periodico)
Qwen3.5-4B-Base,0.4,5,0.9103923167527408,0.02469729259610176,0.8956258893013,0.027231667190790176,10.579709320568417,0.9891570972608337,solido (periodico)
Qwen3.5-4B-Base,0.5,1,1.0,-0.05408035218715668,0.9854611754417419,0.01351109053939581,10.157090632244945,1.0008266906947758,solido (periodico)
Qwen3.5-4B-Base,0.5,2,0.9428955058842113,-0.04783143475651741,0.9082187414169312,0.027217723429203033,8.569025657294137,1.2259609734601662,solido (periodico)
Qwen3.5-4B-Base,0.5,3,1.0,-0.02332482486963272,0.9823073148727417,0.012523211538791656,4.6292398664032,0.9867272923968026,solido (periodico)
Qwen3.5-4B-Base,0.5,4,0.9994235572920003,0.007826769724488258,0.9692831039428711,0.01003242377191782,8.960046935471423,0.969419233560059,solido (periodico)
Qwen3.5-4B-Base,0.5,5,0.9995330531652324,-0.26751866936683655,0.9843869805335999,0.014948188327252865,35.06331440621781,0.5767061529454796,solido (periodico)
Qwen3.5-4B-Base,0.6,1,0.9610462270088818,0.0878615602850914,0.9288180470466614,0.006769245490431786,7.3689458560830206,1.0303698688602458,solido (periodico)
Qwen3.5-4B-Base,0.6,2,0.9999406633833738,-0.05558858811855316,0.9858217835426331,0.027197372168302536,14.238389578458664,2.6308324273305406,solido (periodico)
Qwen3.5-4B-Base,0.6,3,0.9799080761654629,-0.027869420126080513,0.9455952048301697,0.014681288972496986,3.0892853814218575,0.9077824912481898,solido (periodico)
Qwen3.5-4B-Base,0.6,4,0.9994296306858691,0.0912167876958847,0.13706865906715393,0.012798705138266087,1.1466109154810202,0.9510696185670234,critico (power law)
Qwen3.5-4B-Base,0.6,5,0.9998732492553394,-0.03302336856722832,0.9880723357200623,0.01813683658838272,6.99938746433374,1.0642801306030887,solido (periodico)
Qwen3.5-4B-Base,0.7,1,0.9976729861063582,0.057987868785858154,0.9016961455345154,0.02748136594891548,11.92693075928812,0.9949728873700228,solido (periodico)
Qwen3.5-4B-Base,0.7,2,0.9639728096676737,-0.13000136613845825,0.9306340217590332,0.01205023005604744,6.693886757316579,1.0987947917373475,solido (periodico)
Qwen3.5-4B-Base,0.7,3,0.9988631519113258,0.051545143127441406,0.9168022871017456,0.019408514723181725,6.356755873979166,1.055097048613218,solido (periodico)
Qwen3.5-4B-Base,0.7,4,0.9986538461538461,-0.04292513057589531,0.9238483905792236,0.010724199004471302,3.749133111424875,1.0385947883742814,solido (periodico)
Qwen3.5-4B-Base,0.7,5,0.9997397866250325,0.2226177304983139,0.9405359625816345,0.044006846845149994,12.702300835418278,1.0026025947155428,solido (periodico)
Qwen3.5-4B-Base,0.8,1,0.925497203231821,0.0620383694767952,0.7990677356719971,0.018621111288666725,7.691493593508821,1.0097140745323512,solido (periodico)
Qwen3.5-4B-Base,0.8,2,0.9964408120221461,0.06404096633195877,0.7793117165565491,0.01608591340482235,6.239443474309189,0.7260016208750836,solido (periodico)
Qwen3.5-4B-Base,0.8,3,0.9612444580339398,-0.0765031948685646,0.7401467561721802,0.011836662888526917,10.326839082006884,0.9738325923804148,solido (periodico)
Qwen3.5-4B-Base,0.8,4,0.9945554789800137,-0.0030465468298643827,0.8778363466262817,0.01891937479376793,14.589137179384835,1.2806624889703533,solido (periodico)
Qwen3.5-4B-Base,0.8,5,0.991689918718913,-0.09658792614936829,0.7840822339057922,0.010576118715107441,7.435519150261381,0.9979627034327272,solido (periodico)
Qwen3.5-4B-Base,0.9,1,0.7403513930750569,-0.10162098705768585,0.5321757793426514,0.032563839107751846,16.663507787304695,0.25412457744392686,solido (periodico)
Qwen3.5-4B-Base,0.9,2,0.9935478007997092,0.8753095865249634,0.8753095865249634,0.21285639703273773,0.18734870202598777,4.969098956357828,gas (amorfo)
Qwen3.5-4B-Base,0.9,3,0.9948656894114145,-0.1583191305398941,0.754016637802124,0.032880526036024094,16.358479838851917,1.0174799208104457,solido (periodico)
Qwen3.5-4B-Base,0.9,4,0.9981870467616905,0.005070189014077187,0.8489676713943481,0.025058431550860405,15.375253935730719,1.05810691757706,solido (periodico)
Qwen3.5-4B-Base,0.9,5,0.997115710892433,0.3472028970718384,0.6705586910247803,0.016926178708672523,3.5962965641613134,1.0115204753009377,solido (periodico)
Qwen3.5-4B-Base,1.0,1,0.765139684192261,0.03376327455043793,0.03376327455043793,0.008186579681932926,0.05494724684493125,0.9476542692788531,critico (power law)
Qwen3.5-4B-Base,1.0,2,0.8135466666666666,0.023305179551243782,0.023305179551243782,0.0097737405449152,0.06361447487824931,0.9388121750884111,critico (power law)
Qwen3.5-4B-Base,1.0,3,0.6163065995856762,0.05694194883108139,0.05694194883108139,0.004582714755088091,0.10840800834940835,1.2200435038953124,gas (amorfo)
Qwen3.5-4B-Base,1.0,4,0.8124159569699686,0.02990642376244068,0.02990642376244068,0.009896058589220047,0.15017193609674886,0.7222196077522,critico (power law)
Qwen3.5-4B-Base,1.0,5,0.7388622344071282,0.02284599281847477,0.02284599281847477,0.009071084670722485,0.09757135223873978,0.8284876452306001,critico (power law)
Qwen3.5-4B-Base,1.1,1,0.6513380349724665,0.012326091527938843,0.012326091527938843,0.0027141175232827663,0.0340656734753639,1.0080301337503332,gas (amorfo)
Qwen3.5-4B-Base,1.1,2,0.709247864817706,0.01255764253437519,0.01255764253437519,0.003156229155138135,0.038238874302474274,1.167721608493035,gas (amorfo)
Qwen3.5-4B-Base,1.1,3,0.6899462066406975,0.014382360503077507,0.014382360503077507,0.0027868212200701237,0.04006268152669115,1.2263916899707454,gas (amorfo)
Qwen3.5-4B-Base,1.1,4,0.6987908319797871,0.011883679777383804,0.011883679777383804,0.002829994075000286,0.048695319873488414,0.8617342277388457,critico (power law)
Qwen3.5-4B-Base,1.1,5,0.642647920328061,0.016516713425517082,0.016516713425517082,0.004709941800683737,0.03583063764847442,1.2898800992497201,gas (amorfo)
Qwen3.5-4B-Base,1.2,1,0.4329830234438157,0.006976100616157055,0.006976100616157055,0.0031051430851221085,0.021380634457958902,0.8697158630062712,non valutabile
Qwen3.5-4B-Base,1.2,2,0.5002421893921046,0.007179988082498312,0.007179988082498312,0.002735053189098835,0.04188209441653202,0.8469222830212778,critico (power law)
Qwen3.5-4B-Base,1.2,3,0.5299988119282405,0.004926275461912155,0.004926275461912155,0.0031843064352869987,0.03503129978621953,0.8760091185359052,critico (power law)
Qwen3.5-4B-Base,1.2,4,0.5806841931580684,0.004380051512271166,0.004380051512271166,0.004081047605723143,0.024577425404115495,0.9228561386020405,critico (power law)
Qwen3.5-4B-Base,1.2,5,0.6409752261108926,0.008387686684727669,0.008387686684727669,0.0028483145870268345,0.026610582013828245,0.9820325097738724,critico (power law)
Qwen3.5-4B-Base,1.3,1,0.5183368085367349,0.004141081124544144,0.004141081124544144,0.0039987023919820786,0.023067926680406917,1.012241029054884,gas (amorfo)
Qwen3.5-4B-Base,1.3,2,0.37532447701939226,0.001802161568775773,0.0029811300337314606,0.0028436025604605675,0.01774480328397099,0.909375814581399,non valutabile
Qwen3.5-4B-Base,1.3,3,0.4860790438679886,0.007518640253692865,0.007518640253692865,0.0034990250132977962,0.048823476642635116,0.9150812448176245,non valutabile
Qwen3.5-4B-Base,1.3,4,0.33497158654584547,0.003886827966198325,0.003886827966198325,0.0024725329130887985,0.02126989033109494,1.0130793890241516,non valutabile
Qwen3.5-4B-Base,1.3,5,0.566731584373926,0.004873272962868214,0.004873272962868214,0.0026830665301531553,0.0379208323804746,0.9741489423863959,critico (power law)
Qwen3.5-4B-Base,1.4,1,0.45922631082356113,0.0037103169597685337,0.0037103169597685337,0.002887476934120059,0.02164091198886938,0.9437262609407735,non valutabile
Qwen3.5-4B-Base,1.4,2,0.3734658094681473,0.0033458643592894077,0.0033458643592894077,0.002314741490408778,0.019958074244650462,1.0078028080565284,non valutabile
Qwen3.5-4B-Base,1.4,3,0.4390211286440225,0.005582952406257391,0.005582952406257391,0.00242276000790298,0.028939213925000627,0.9086662758342211,non valutabile
Qwen3.5-4B-Base,1.4,4,0.44993215739484393,0.0030402548145502806,0.0030402548145502806,0.003068939782679081,0.01833073857838564,1.0370865874890973,non valutabile
Qwen3.5-4B-Base,1.4,5,0.42418088275115085,0.003422684967517853,0.003422684967517853,0.0023923080880194902,0.022656966310117942,1.0913063412661832,non valutabile
Qwen3.5-4B-Base,1.5,1,0.41063707120207554,0.0002869043091777712,0.0023558775428682566,0.0027889087796211243,0.018562222513533413,1.0167254132989858,non valutabile
Qwen3.5-4B-Base,1.5,2,0.4334020618556701,0.004274023696780205,0.004274023696780205,0.0027209166437387466,0.027445870777551635,1.107375489013728,non valutabile
Qwen3.5-4B-Base,1.5,3,0.38189093064611734,0.0016318648122251034,0.0024057317059487104,0.0027637407183647156,0.018907831194925152,0.9871540899542443,non valutabile
Qwen3.5-4B-Base,1.5,4,0.2954015328223925,0.0009782842826098204,0.0022045206278562546,0.002162158489227295,0.014412787710509837,0.9896991663654902,non valutabile
Qwen3.5-4B-Base,1.5,5,0.3996321969161126,0.002717931754887104,0.002717931754887104,0.003494300413876772,0.023058339592009175,1.0322234241597237,non valutabile
