modello,temperatura,n_token,alpha,MAPE,beta,R,TTR,alpha_DFA,alpha_DFA_mescolato,R_gzip,compr_condizionata,prefix_trend,NCD_shuffle,H_bit_char,H_parola_norm,D_s_umano,LCS_umano,rip_8gram,dist_rip_media,quota_non_ascii,max_fft,gapelmaper,copertura
Qwen2.5-1.5B,0.4,20000.0,0.299,0.5316,-0.0,0.0,0.005,0.5535,0.4976,0.0111,0.0041,-0.031,1.0259,0.001,0.5641,1.9956,26.0,0.9856,11.816,0.045,13.5654,1.0599,0.9928
Qwen2.5-1.5B,0.5,20000.0,0.344,0.591,-0.0,0.0,0.0068,0.478,0.5049,0.0136,0.0047,-0.0004,1.02,0.001,0.6217,1.8022,25.2,0.982,20.0481,0.0118,7.7511,1.0004,0.992
Qwen2.5-1.5B,0.6,20000.0,0.3626,0.3612,0.0024,0.0,0.0097,0.7164,0.4894,0.019,0.005,-0.0002,1.0266,0.001,0.4751,1.7635,21.4,0.9718,9.8405,0.0004,14.7117,0.9677,0.9997
Qwen2.5-1.5B,0.7,20000.0,0.4908,0.4811,0.0569,0.0,0.0197,0.571,0.501,0.0362,0.0059,-0.0019,1.0154,0.0015,0.5486,1.5657,24.4,0.9229,28.2082,0.0178,12.4465,1.1717,0.9873
Qwen2.5-1.5B,0.8,20000.0,0.6034,0.2421,0.255,0.0003,0.0443,0.7915,0.502,0.0934,0.007,-0.0005,1.0105,0.3907,0.4873,0.8289,27.25,0.798,40.4655,0.006,14.7543,0.8396,0.9979
Qwen2.5-1.5B,0.9,20000.0,0.7665,0.1357,0.5262,0.1588,0.1168,0.8039,0.5046,0.2068,0.108,-0.0008,0.9847,1.0996,0.5565,0.3213,24.75,0.4793,181.6136,0.0069,6.2012,1.0076,0.9507
Qwen2.5-1.5B,1.0,20000.0,1.3772,0.3185,0.8158,0.4669,0.3176,0.736,0.4904,0.6124,0.5773,-0.0002,0.9937,3.847,0.9479,0.8919,23.4,0.0007,438.9299,0.1539,0.1221,1.2112,0.4622
Qwen2.5-1.5B,1.1,20000.0,1.4978,0.5046,0.7642,0.6454,0.4072,0.6723,0.4935,0.6937,0.6717,0.0002,0.9767,4.1804,0.9916,1.181,20.25,0.0,900.0696,0.1848,0.0859,1.5552,0.3013
Qwen2.5-1.5B,1.2,20000.0,1.4886,0.5683,0.7926,0.6704,0.4392,0.5896,0.4821,0.6935,0.6696,-0.006,0.9751,4.1083,0.9951,1.2897,17.6,0.0,1150.9986,0.179,0.0542,0.908,0.2832
Qwen2.5-1.5B,1.3,20000.0,1.4765,0.629,0.7935,0.6993,0.4525,0.5386,0.4991,0.69,0.6654,-0.024,0.9731,4.023,0.9964,1.3304,16.6,0.0,1411.2433,0.1785,0.02,0.9013,0.2813
Qwen2.5-1.5B,1.4,20000.0,1.4704,0.7599,0.8144,0.717,0.4625,0.5108,0.5012,0.6877,0.6662,-0.0173,0.9747,4.0193,0.9969,1.2926,14.8,0.0,1503.4729,0.176,0.0178,0.9743,0.3073
Qwen2.5-1.5B,1.5,20000.0,1.4631,0.7124,0.8053,0.7278,0.4661,0.5184,0.4954,0.6843,0.6621,-0.0131,0.9736,3.9853,0.9968,1.381,16.0,0.0,1502.6304,0.1755,0.0158,0.9847,0.3152
Qwen2.5-14B,0.4,20000.0,0.3609,0.2951,-0.0,0.0,0.0108,0.893,0.4883,0.0197,0.0051,-0.0,1.0299,0.001,0.3921,1.4932,28.0,0.9755,9.4566,0.0002,31.0894,1.0189,0.9999
Qwen2.5-14B,0.5,20000.0,0.464,0.443,-0.0,0.0,0.0092,0.3477,0.498,0.0173,0.0044,-0.0001,1.0161,0.001,0.7048,1.7988,24.0,0.964,28.9845,0.0366,4.3409,1.0573,0.9994
Qwen2.5-14B,0.6,20000.0,0.5291,0.6984,0.0222,0.0,0.0198,0.3624,0.4935,0.036,0.0065,-0.0002,1.0059,0.0015,0.7017,1.2102,27.0,0.9229,61.1033,0.0108,0.8892,0.9526,0.9675
Qwen2.5-14B,0.7,20000.0,0.7129,0.1214,0.3203,0.0,0.0424,0.8267,0.513,0.087,0.0075,-0.0018,1.0091,0.0045,0.4849,0.3607,34.0,0.7619,45.6721,0.0081,21.2752,1.0022,0.9954
Qwen2.5-14B,0.8,20000.0,0.7491,0.124,0.3992,0.0,0.0616,0.7252,0.4786,0.1405,0.0085,-0.0009,1.0023,1.5026,0.5532,0.2109,28.0,0.6335,79.327,0.0033,11.3161,1.0165,0.9951
Qwen2.5-14B,0.9,20000.0,0.7298,0.294,0.6453,0.0765,0.1238,0.5371,0.4722,0.1829,0.0186,-0.0005,0.9791,2.6473,0.6703,0.0957,28.0,0.5736,123.3642,0.0023,1.9337,0.951,0.9952
Qwen2.5-14B,1.0,20000.0,1.4879,0.3652,0.8658,0.4194,0.2876,0.7865,0.4936,0.6369,0.6945,0.0002,0.9914,5.2607,0.9366,0.744,21.0,0.0042,490.3181,0.1472,0.3119,0.8691,0.6118
Qwen2.5-14B,1.1,20000.0,1.3107,0.6763,0.538,0.5023,0.214,0.6906,0.4713,0.7375,0.7279,-0.0016,0.9829,5.6486,0.9909,1.7605,19.0,0.0,302.511,0.4035,0.124,1.2091,0.287
Qwen2.5-14B,1.2,20000.0,1.3006,0.7287,0.6076,0.5138,0.2526,0.6455,0.4846,0.7198,0.704,-0.0079,0.9755,5.2562,0.9948,1.7771,20.0,0.0,279.9516,0.3667,0.0931,2.0162,0.2706
Qwen2.5-14B,1.3,20000.0,1.2823,0.6666,0.6608,0.5853,0.2982,0.5496,0.4905,0.7149,0.6948,-0.0082,0.9742,4.6353,0.9975,1.8848,16.0,0.0,799.95,0.2821,0.0242,1.0031,0.2381
Qwen2.5-14B,1.4,20000.0,1.2977,0.7353,0.6828,0.5585,0.3292,0.5504,0.5035,0.7161,0.7083,-0.0017,0.9735,4.7933,0.9959,1.7401,16.0,0.0,843.7169,0.2636,0.022,1.0268,0.2894
Qwen2.5-14B,1.5,20000.0,1.3098,0.6993,0.7076,0.6531,0.3324,0.5266,0.5147,0.7167,0.6943,-0.0031,0.9736,4.575,0.9985,1.6055,13.0,0.0,895.6,0.2692,0.016,1.0153,0.2389
Qwen2.5-3B,0.4,20000.0,0.348,0.6279,0.0006,0.0028,0.0065,0.4461,0.4987,0.0132,0.0049,-0.0287,1.0174,0.001,0.6592,1.7912,22.8,0.985,25.6659,0.0063,6.3505,1.0076,0.9983
Qwen2.5-3B,0.5,20000.0,0.3209,0.4524,0.0059,0.0097,0.0075,0.6454,0.4949,0.0155,0.0048,-0.0068,1.0244,0.0014,0.5335,1.7269,25.0,0.9828,12.497,0.0003,11.8257,0.9849,0.9994
Qwen2.5-3B,0.6,20000.0,0.3668,0.4448,0.0043,0.0,0.0094,0.684,0.5121,0.018,0.0051,-0.0089,1.025,0.0652,0.5122,1.827,22.4,0.9768,15.3347,0.0002,13.0211,1.024,0.9996
Qwen2.5-3B,0.7,20000.0,0.4475,0.2859,0.0264,0.0022,0.0155,0.8098,0.4907,0.0317,0.0062,-0.0144,1.0218,0.0014,0.4339,1.5755,25.2,0.9396,12.7377,0.0111,15.1426,1.0465,0.9882
Qwen2.5-3B,0.8,20000.0,0.5241,0.2931,0.0818,0.0112,0.0263,0.7316,0.4959,0.0456,0.0074,-0.0023,1.0207,0.0462,0.4292,1.8085,23.4,0.9065,18.6488,0.0014,24.4085,2.433,0.9978
Qwen2.5-3B,0.9,20000.0,0.5984,0.2083,0.2843,0.0032,0.0538,0.7981,0.5017,0.1073,0.0188,-0.004,1.0062,0.3317,0.4716,0.9139,26.0,0.7072,50.6365,0.0172,11.6538,0.8366,0.8988
Qwen2.5-3B,1.0,20000.0,1.4245,0.3928,0.7655,0.4552,0.2434,0.6994,0.5047,0.6503,0.6932,-0.0024,0.9893,5.7718,0.9526,1.397,28.0,0.0255,241.5796,0.2864,0.236,0.6733,0.3938
Qwen2.5-3B,1.1,20000.0,1.3671,0.4188,0.7864,0.5378,0.3701,0.6565,0.4804,0.6956,0.6881,-0.0002,0.9826,4.5445,0.981,1.0884,22.5,0.0005,336.9245,0.18,0.0981,1.5181,0.3352
Qwen2.5-3B,1.2,20000.0,1.4174,0.5938,0.7715,0.6193,0.416,0.623,0.4933,0.7032,0.6869,-0.0016,0.9765,4.2296,0.9939,1.2515,18.6,0.0,721.5743,0.1718,0.0629,1.2534,0.2797
Qwen2.5-3B,1.3,20000.0,1.3999,0.643,0.7877,0.6581,0.4412,0.5472,0.4989,0.709,0.6917,-0.0093,0.9759,4.2045,0.9961,1.3043,15.8,0.0,978.7471,0.1694,0.0201,0.9589,0.2503
Qwen2.5-3B,1.4,20000.0,1.3791,0.7055,0.8128,0.6883,0.4579,0.51,0.4974,0.7077,0.6923,-0.0075,0.9752,4.1512,0.9962,1.359,14.6,0.0,1002.8707,0.1673,0.0156,0.9699,0.2686
Qwen2.5-3B,1.5,20000.0,1.3589,0.7039,0.8065,0.6883,0.4735,0.5219,0.4881,0.7059,0.6908,-0.0042,0.9749,4.1579,0.9964,1.415,15.0,0.0,1104.0945,0.1632,0.0162,0.9894,0.276
Qwen3.5-2B-Base,0.4,20000.0,0.2957,0.5942,-0.0,0.0,0.003,0.181,0.5013,0.0088,0.0044,-0.0,1.0201,0.001,0.6955,2.3578,20.2,0.9927,16.395,0.0092,10.9207,1.0048,1.0
Qwen3.5-2B-Base,0.5,20000.0,0.3494,0.4253,0.0011,0.0039,0.0067,0.8017,0.4968,0.0128,0.0045,-0.0052,1.0308,0.0191,0.4582,1.9492,25.6,0.9811,8.7776,0.0204,22.4787,1.0528,0.9999
Qwen3.5-2B-Base,0.6,20000.0,0.4313,0.4734,0.0019,0.0,0.0098,0.6294,0.5005,0.0192,0.0051,-0.0023,1.0187,0.0018,0.581,1.8372,25.0,0.9692,27.3358,0.0224,9.8599,0.9114,0.9998
Qwen3.5-2B-Base,0.7,20000.0,0.5089,0.2914,0.1034,0.0748,0.0241,0.7342,0.489,0.0418,0.0116,-0.0002,1.018,0.2246,0.4888,1.458,27.4,0.9121,18.7131,0.0139,21.2382,1.0288,0.9885
Qwen3.5-2B-Base,0.8,20000.0,0.555,0.2172,0.1454,0.0002,0.0329,0.8288,0.4917,0.0703,0.0068,-0.0019,1.0153,0.0261,0.4532,1.2619,27.0,0.8359,25.187,0.0213,16.3363,1.0788,0.9992
Qwen3.5-2B-Base,0.9,20000.0,0.816,0.1575,0.5337,0.0754,0.0985,0.6729,0.5023,0.2309,0.1008,-0.0004,0.9832,2.078,0.6554,0.2321,29.4,0.314,201.2633,0.0119,4.0933,0.9835,0.9907
Qwen3.5-2B-Base,1.0,20000.0,0.9886,0.185,0.6425,0.2854,0.1882,0.7614,0.4977,0.4323,0.3928,-0.0132,0.9807,5.7652,0.8198,0.5474,21.0,0.0151,322.8445,0.1391,0.1663,1.5101,0.7523
Qwen3.5-2B-Base,1.1,20000.0,1.2854,0.5462,0.6694,0.4802,0.2765,0.6703,0.4727,0.7636,0.759,-0.0121,0.9259,5.2171,0.9825,1.0737,19.6,0.0001,550.7057,0.2907,0.0699,1.4957,0.2869
Qwen3.5-2B-Base,1.2,20000.0,1.3611,0.5481,0.7092,0.5919,0.3217,0.6039,0.4939,0.7373,0.7149,-0.0038,0.9761,4.7082,0.9946,1.2073,16.0,0.0,1011.6993,0.2765,0.0517,1.4135,0.2458
Qwen3.5-2B-Base,1.3,20000.0,1.4227,0.5754,0.7107,0.595,0.3319,0.5691,0.507,0.7232,0.699,-0.0103,0.969,4.5614,0.9961,1.3001,17.4,0.0,1235.1955,0.2807,0.0495,0.9618,0.2543
Qwen3.5-2B-Base,1.4,20000.0,1.4476,0.6023,0.7197,0.6048,0.3452,0.579,0.486,0.7102,0.6901,-0.055,0.9455,4.485,0.9967,1.4232,16.0,0.0,1301.713,0.271,0.0231,0.9712,0.2506
Qwen3.5-2B-Base,1.5,20000.0,1.4797,0.6925,0.7273,0.6247,0.3488,0.5844,0.4973,0.7091,0.6883,-0.0249,0.9656,4.4593,0.9965,1.5046,15.0,0.0,1299.5939,0.2727,0.0191,1.0542,0.2653
Qwen3.5-4B-Base,0.4,20000.0,0.3341,0.5633,-0.0,0.0,0.0051,0.3171,0.5052,0.0106,0.0042,-0.0078,1.0213,0.001,0.6414,1.9335,23.0,0.9893,17.1748,0.0221,9.9536,0.8747,0.982
Qwen3.5-4B-Base,0.5,20000.0,0.3463,0.5241,-0.0,0.0,0.0064,0.5286,0.5025,0.0123,0.0041,-0.0003,1.0251,0.001,0.5603,1.9746,24.0,0.9802,13.6406,0.0262,13.4757,0.9519,0.9884
Qwen3.5-4B-Base,0.6,20000.0,0.4011,0.5355,0.0014,0.0,0.0099,0.442,0.4893,0.0172,0.005,-0.0003,1.0178,0.0011,0.6279,1.7035,27.2,0.971,29.4792,0.0133,6.5685,1.3169,0.988
Qwen3.5-4B-Base,0.7,20000.0,0.4223,0.3687,0.0356,0.0,0.0194,0.5987,0.4967,0.0325,0.0051,-0.0048,1.0221,0.001,0.5093,1.5708,24.2,0.9285,17.2053,0.0251,8.2858,1.038,0.9918
Qwen3.5-4B-Base,0.8,20000.0,0.5595,0.2563,0.181,0.0247,0.038,0.652,0.4952,0.0697,0.011,-0.0008,1.0125,0.046,0.5009,0.9512,27.4,0.8234,40.6194,0.025,9.2565,0.9976,0.9739
Qwen3.5-4B-Base,0.9,20000.0,0.6557,0.22,0.3147,0.0029,0.0602,0.7768,0.5111,0.1124,0.0081,-0.0025,1.0064,0.2625,0.4277,0.7436,26.6,0.7415,37.3172,0.0078,10.4362,1.6621,0.9448
Qwen3.5-4B-Base,1.0,20000.0,1.2785,0.2211,0.8773,0.5935,0.3188,0.7124,0.4935,0.565,0.6163,-0.0005,0.991,4.6859,0.8784,0.2446,25.0,0.0006,592.8719,0.0926,0.0949,0.9314,0.7493
Qwen3.5-4B-Base,1.1,20000.0,1.9463,0.5156,0.8837,0.7221,0.5154,0.5493,0.5024,0.5763,0.5462,-0.0046,0.9753,3.1551,0.9776,0.5376,20.0,0.0008,2100.6287,0.0581,0.0394,1.1108,0.6784
Qwen3.5-4B-Base,1.2,20000.0,1.7079,0.7252,0.8011,0.6859,0.4797,0.5416,0.491,0.6243,0.5972,-0.0377,0.9657,3.5051,0.99,0.8359,19.4,0.0,2035.0548,0.114,0.0299,0.8995,0.537
Qwen3.5-4B-Base,1.3,20000.0,1.477,0.5142,0.7746,0.6087,0.4341,0.5424,0.4982,0.6105,0.5722,-0.0424,0.9714,3.64,0.9861,1.0434,18.8,0.0,1621.1521,0.1615,0.0298,0.9648,0.4563
Qwen3.5-4B-Base,1.4,20000.0,1.5539,0.6282,0.7779,0.681,0.4338,0.5355,0.4989,0.633,0.606,-0.0146,0.9692,3.6749,0.9919,1.1568,16.4,0.0,1783.5103,0.1658,0.0223,0.9977,0.4292
Qwen3.5-4B-Base,1.5,20000.0,1.5699,0.6015,0.7809,0.6619,0.4284,0.5241,0.4877,0.6416,0.6157,-0.0153,0.9698,3.8089,0.9922,1.273,16.0,0.0,1665.2144,0.1827,0.0205,1.0266,0.3842
War and Peace (umano),,20000.0,1.0755,0.1415,0.6684,0.5074,0.1787,0.5858,0.4866,0.381,0.365,-0.0001,0.963,2.2269,0.7901,0.0,,0.0,692.9765,0.0143,0.2761,0.5739,0.9841
