corpus,tipo,n_coda,xmin,mu,mu_lo,mu_hi,tau_c,mu_hill,LR_vs_pura,p_pura,meglio_lognorm,banda_2_3,tetto_gamma
wikipedia,vocali,72218,1.5773859128637622,4.189323522791444,4.049394609488725,4.326608842507182,2.841799028783609,5.115928398489294,216.58017039496917,5.039200858421576e-49,True,False,-0.18932352279144382
wikipedia,spazio,36566,1.6631936919665928,4.702571578232179,4.204533061852288,5.188245526888945,0.8662524848514064,7.341698170802284,134.30206210468896,4.692463040434047e-31,False,False,-0.7025715782321793
wikipedia,lettera,180368,2.155276809394339,0.7394225244606321,0.6495765016610211,0.8287216551797869,1.125355447162979,4.152556443115689,8288.272257633624,0.0,False,False,3.260577475539368
wikipedia,funzione,8303,2.173642114230228,1.5933458826836269,1.284855006947748,1.892855026140444,1.941646375883189,3.7930980902537557,297.3052464419379,1.2731398274147725e-66,True,False,2.406654117316373
wikipedia,keyword,1866,2.338613520480505,2.372859942929313,2.076892445811495,2.64918100109087,9.577848890324763,3.0503715379331213,32.95085007069247,9.451840915448099e-09,False,True,1.627140057070687
wikipedia,appaiata,1458,2.3973685039822135,2.008378252518314,1.4308641259939838,2.5451230680020043,3.4176995667195795,3.524633885574762,42.09739618548247,8.683874105454707e-11,True,True,1.9916217474816862
grok_v01,vocali,72781,1.5801843548413983,3.0822992786085197,2.9672673967918346,3.19570186000969,2.143437376981951,4.419708356939094,716.7388374748407,6.851642897650857e-158,True,False,0.9177007213914803
grok_v01,spazio,32988,1.5888746270149527,-0.9999999849060992,-0.9999999999935247,-0.9118843173543436,0.2439381357395705,7.591043206119603,1035.1138135644142,4.1871524113053287e-227,True,False,4.999999984906099
grok_v01,lettera,182400,2.1645512617375786,0.44678716331263074,0.35238284922678953,0.5406376058003775,1.013824959533078,4.1993460757743195,9115.982820206322,0.0,False,False,3.5532128366873694
grok_v01,funzione,5251,2.181097345105605,1.434500384224409,1.0127260350490153,1.8410223141180522,1.70363133354163,3.8839219763326445,198.57974585737247,4.2635222532797974e-45,False,False,2.565499615775591
grok_v01,keyword,1225,2.2360358137892655,2.1732860303245802,1.8098152900807878,2.5097661259346027,8.078858378205046,2.9594622990630244,29.950160021458032,4.43295303795926e-08,True,True,1.8267139696754198
grok_v01,appaiata,1023,2.2279700794428927,2.202271523049929,1.4323925805305018,2.903191412708619,3.00367456547198,3.726884595174755,23.95586356363492,9.856962969936049e-07,False,True,1.7977284769500712
grok_oggi,vocali,72337,1.581162391452906,3.089589258910524,2.976608290591644,3.200969175503957,2.2209625497634904,4.389425616290391,702.3897158235195,9.037451947022172e-155,True,False,0.9104107410894762
grok_oggi,spazio,32754,1.6001866884469855,4.511897463348895,4.051117860243858,4.960774289907155,0.938203860719436,6.912596753101511,131.2081801618333,2.2295444991608443e-30,True,False,-0.5118974633488946
grok_oggi,lettera,181388,2.1642821410705353,0.562894861056369,0.47035844999448606,0.6548878692378217,1.0583137578704889,4.178183983309474,8791.224695000099,0.0,True,False,3.437105138943631
grok_oggi,funzione,5280,2.1927321651813583,1.555923830566925,1.143472986610603,1.953250440804285,1.811068156202331,3.882591316328371,186.8013887118832,1.5868989388851695e-42,True,False,2.444076169433075
grok_oggi,keyword,1236,2.2799133832545153,2.1865570755196666,1.7932850958300681,2.550274518643127,7.1949994129950205,3.043549820910318,30.131317868145743,4.03757989547373e-08,False,True,1.8134429244803334
grok_oggi,appaiata,1062,2.2756573421912214,2.633711823222401,1.8930219770941747,3.3011554915990553,3.8536507931108535,3.838665590391826,15.95523654228873,6.485811038434581e-05,False,True,1.3662881767775992
letterario,vocali,36815,1.4890992732848856,-0.9999999955954814,-0.9999999999726973,-0.9907549070852661,0.33366010782037064,5.484207582822486,4180.099821982789,0.0,True,False,4.9999999955954815
letterario,spazio,19277,1.7428447600473405,0.4773568204492799,-0.018251804552925494,0.9624506338388196,0.5273830448030083,5.472078072303961,562.6433253727737,2.2367077829947506e-124,False,False,3.52264317955072
letterario,lettera,90489,2.166274902058848,0.7446524144673838,0.6199178471753493,0.8683278448471916,1.1514720494002906,4.117998686575218,4217.394622786029,0.0,False,False,3.255347585532616
letterario,funzione,4062,2.225402176089714,2.562227462562956,2.2722981772900006,2.8377061229713636,5.318942917115185,3.509981909430526,62.91246996219343,2.1609972337549463e-15,True,True,1.437772537437044
letterario,keyword,633,2.163656660127198,1.7566239524133365,1.4015128749854722,2.0837661548949646,11.209233913085779,2.4911154993200038,29.08522925053694,6.926305173212998e-08,False,False,2.2433760475866635
letterario,appaiata,608,2.547522120916462,1.8588350017873752,0.888364397300611,2.7272526997460247,3.151463991538789,3.5677402574131616,19.63376293439751,9.379699427890254e-06,False,False,2.141164998212625
